contact_id,email,First name,Last name
 4661," ""email"": ""cecilia.velasco@rodrigues.fr""}",,"""name"": ""Cecilia Velasco"""
 3765," ""email"": ""mariana.ellis@rossi.org""}",,"""name"": ""Mariana Ellis"""
 4187," ""email"": ""sofie.woods@riviere.com""}",,"""name"": ""Sofie Woods"""
 4941," ""email"": ""jeanette.iannotti@yahoo.com""}",,"""name"": ""Jeanette Iannotti"""
 2199," ""email"": ""samuel.sorgatz@gmail.com""}",,"""name"": ""Samuel Sorgatz"""
 5650," ""email"": ""socorro.luna@hotmail.com""}",,"""name"": ""Socorro Luna"""
 5889," ""email"": ""carolina.murray@knight.com""}",,"""name"": ""Carolina Murray"""
 4842," ""email"": ""kayla.moon@yahoo.de""}",,"""name"": ""Kayla Moon"""
 3280," ""email"": ""ariadna.geisel@rangel.com""}",,"""name"": ""Ariadna Geisel"""
 5468," ""email"": ""danielle.ladeck@scalfaro.net""}",,"""name"": ""Danielle Ladeck"""
 3064," ""email"": ""tatiana.thompson@hunt.net""}",,"""name"": ""Tatiana Thompson"""
 4904," ""email"": ""caleb.benavides@rubio.com""}",,"""name"": ""Caleb Benavides"""
 1299," ""email"": ""sandra.hardy@web.de""}",,"""name"": ""Sandra Hardy"""
 5602," ""email"": ""lotti.morris@yahoo.co.uk""}",,"""name"": ""Lotti Morris"""
 5753," ""email"": ""reinhilde.white@voila.fr""}",,"""name"": ""Reinhilde White"""
 4495," ""email"": ""kerry.patel@hutchinson.com""}",,"""name"": ""Kerry Patel"""
 4269," ""email"": ""sophie.antoine@andersen.com""}",,"""name"": ""Sophie Antoine"""
 2226," ""email"": ""martha.girard@web.de""}",,"""name"": ""Martha Girard"""
 1558," ""email"": ""stephanie.king@cervantes.com""}",,"""name"": ""Stephanie King"""
 2307," ""email"": ""amanda.palmer@didier.fr""}",,"""name"": ""Amanda Palmer"""
 2900," ""email"": ""lina.alcala@vespa.net""}",,"""name"": ""Lina Alcala"""
 5695," ""email"": ""itzel.murphy@muelichen.de""}",,"""name"": ""Itzel Murphy"""
 5708," ""email"": ""filippo.parry@live.com""}",,"""name"": ""Filippo Parry"""
 1663," ""email"": ""katelyn.cole@fiebig.com""}",,"""name"": ""Katelyn Cole"""
 3605," ""email"": ""brian.novak@ford.net""}",,"""name"": ""Brian Novak"""
 4678," ""email"": ""cilly.gay@callegaro.it""}",,"""name"": ""Cilly Gay"""
 2251," ""email"": ""yolanda.snyder@gmx.de""}",,"""name"": ""Yolanda Snyder"""
 6202," ""email"": ""evelin.odonnell@ibarra.net""}",,"""name"": ""Evelin Odonnell"""
 3715," ""email"": ""ingeborg.alba@hotmail.com""}",,"""name"": ""Ingeborg Alba"""
 4242," ""email"": ""marina.madrid@galarza-alba.com""}",,"""name"": ""Marina Madrid"""
 4326," ""email"": ""sheila.goodwin@yahoo.com""}",,"""name"": ""Sheila Goodwin"""
 5560," ""email"": ""valeria.rich@turchetta-mondadori.it""}",,"""name"": ""Valeria Rich"""
 4002," ""email"": ""dustin.camacho@rhodes.org.au""}",,"""name"": ""Dustin Camacho"""
 3813," ""email"": ""amalia.marenzio@grupo.com""}",,"""name"": ""Amalia Marenzio"""
 5336," ""email"": ""gian.long@hotmail.com""}",,"""name"": ""Gian Long"""
 4994," ""email"": ""stewart.hunt@anderson-vargas.biz""}",,"""name"": ""Stewart Hunt"""
 1471," ""email"": ""greca.ruiz@carr.co.uk""}",,"""name"": ""Greca Ruiz"""
 4482," ""email"": ""gerald.olivera@outlook.com""}",,"""name"": ""Gerald Olivera"""
 3241," ""email"": ""jaqueline.wallace@gmail.com""}",,"""name"": ""Jaqueline Wallace"""
 3477," ""email"": ""john.lane@gregoire.fr""}",,"""name"": ""John Lane"""
 2265," ""email"": ""pero.joly@bernard.net""}",,"""name"": ""Pero Joly"""
 5911," ""email"": ""chad.turner@gmail.com""}",,"""name"": ""Chad Turner"""
 2288," ""email"": ""adam.zavala@guichard.fr""}",,"""name"": ""Adam Zavala"""
 4064," ""email"": ""tyler.rivera@guajardo-ozuna.com""}",,"""name"": ""Tyler Rivera"""
 1294," ""email"": ""jens.graham@jones-buckley.com""}",,"""name"": ""Jens Graham"""
 5008," ""email"": ""virginia.caetani@sosa.biz""}",,"""name"": ""Virginia Caetani"""
 3604," ""email"": ""martino.wagner@laposte.net""}",,"""name"": ""Martino Wagner"""
 3263," ""email"": ""martin.meyer@davis.co.uk""}",,"""name"": ""Martin Meyer"""
 5631," ""email"": ""marguerite.walls@martinez.fr""}",,"""name"": ""Marguerite Walls"""
 2851," ""email"": ""peter.vogt@yahoo.com""}",,"""name"": ""Peter Vogt"""
 3714," ""email"": ""nicholas.christian@hotmail.de""}",,"""name"": ""Nicholas Christian"""
 1664," ""email"": ""susi.steinberg@preiss.com""}",,"""name"": ""Susi Steinberg"""
 5027," ""email"": ""tammy.ramazzotti@gmail.com""}",,"""name"": ""Tammy Ramazzotti"""
 3070," ""email"": ""abdul.thomas@vasari.com""}",,"""name"": ""Abdul Thomas"""
 4248," ""email"": ""justin.luxardo@googlemail.com""}",,"""name"": ""Justin Luxardo"""
 2034," ""email"": ""antonio.gibson@faust.net""}",,"""name"": ""Antonio Gibson"""
 4085," ""email"": ""jeremy.gomez@oconnor.org""}",,"""name"": ""Jeremy Gomez"""
 3569," ""email"": ""raymond.solorzano@gmail.com""}",,"""name"": ""Raymond Solorzano"""
 3889," ""email"": ""flora.harris@hotmail.com.au""}",,"""name"": ""Flora Harris"""
 3136," ""email"": ""cheryl.boyd@segni.it""}",,"""name"": ""Cheryl Boyd"""
 2103," ""email"": ""rhys.leiva@gmx.de""}",,"""name"": ""Rhys Leiva"""
 2329," ""email"": ""mariano.prieto@vodafone.it""}",,"""name"": ""Mariano Prieto"""
 3325," ""email"": ""laurie.fibonacci@gmail.com""}",,"""name"": ""Laurie Fibonacci"""
 3131," ""email"": ""david.rudolph@nelson.com""}",,"""name"": ""David Rudolph"""
 4995," ""email"": ""bryan.ross@yahoo.com""}",,"""name"": ""Bryan Ross"""
 3631," ""email"": ""ubaldo.brown@philippe.com""}",,"""name"": ""Ubaldo Brown"""
 5373," ""email"": ""clelia.faulkner@hotmail.com""}",,"""name"": ""Clelia Faulkner"""
 3126," ""email"": ""sara.erickson@yahoo.de""}",,"""name"": ""Sara Erickson"""
 2194," ""email"": ""rupert.valle@filogamo.it""}",,"""name"": ""Rupert Valle"""
 2906," ""email"": ""puccio.kitzmann@yahoo.com""}",,"""name"": ""Puccio Kitzmann"""
 2611," ""email"": ""thomas.hutchinson@gmx.de""}",,"""name"": ""Thomas Hutchinson"""
 2374," ""email"": ""abelardo.castro@gmail.com""}",,"""name"": ""Abelardo Castro"""
 3254," ""email"": ""greco.walker@yahoo.com""}",,"""name"": ""Greco Walker"""
 3571," ""email"": ""miranda.lacombe@longoria-vanegas.net""}",,"""name"": ""Miranda Lacombe"""
 2812," ""email"": ""diana.schuchhardt@libero.it""}",,"""name"": ""Diana Schuchhardt"""
 3961," ""email"": ""stacey.knox@corporacin.com""}",,"""name"": ""Stacey Knox"""
 3872," ""email"": ""glen.faivre@yahoo.com""}",,"""name"": ""Glen Faivre"""
 4736," ""email"": ""andrew.torres@ruiz-torres.org""}",,"""name"": ""Andrew Torres"""
 5119," ""email"": ""denny.fritz@despacho.biz""}",,"""name"": ""Denny Fritz"""
 5725," ""email"": ""martyn.caldera@hotmail.co.uk""}",,"""name"": ""Martyn Caldera"""
 4037," ""email"": ""abigail.foster@taylor.net""}",,"""name"": ""Abigail Foster"""
 2109," ""email"": ""anthony.hauffer@tlustek.org""}",,"""name"": ""Anthony Hauffer"""
 3283," ""email"": ""roger.gerlach@may-mitchell.co.uk""}",,"""name"": ""Roger Gerlach"""
 6181," ""email"": ""christopher.poirier@hotmail.com""}",,"""name"": ""Christopher Poirier"""
 3251," ""email"": ""branka.traore@jacobi.com""}",,"""name"": ""Branka Traore"""
 3443," ""email"": ""briana.etienne@bishop-coates.com""}",,"""name"": ""Briana Etienne"""
 2988," ""email"": ""brandon.olson@prince-moreno.net""}",,"""name"": ""Brandon Olson"""
 1673," ""email"": ""celia.ungaretti@fox.com""}",,"""name"": ""Celia Ungaretti"""
 2085," ""email"": ""barbara.guibert@casares-sanches.com""}",,"""name"": ""Barbara Guibert"""
 1672," ""email"": ""daniela.bell@vollbrecht.org""}",,"""name"": ""Daniela Bell"""
 4426," ""email"": ""phyllis.gurule@rodriguez-pham.com""}",,"""name"": ""Phyllis Gurule"""
 3211," ""email"": ""alejandra.joseph@escalante-abrego.biz""}",,"""name"": ""Alejandra Joseph"""
 3190," ""email"": ""giulio.bohlander@dbmail.com""}",,"""name"": ""Giulio Bohlander"""
 2081," ""email"": ""amber.weller@toso.eu""}",,"""name"": ""Amber Weller"""
 3185," ""email"": ""mary.etzold@conrad-harrison.com""}",,"""name"": ""Mary Etzold"""
 5044," ""email"": ""amy.georges@raedel.de""}",,"""name"": ""Amy Georges"""
 1883," ""email"": ""jennifer.giraud@yahoo.com""}",,"""name"": ""Jennifer Giraud"""
 2067," ""email"": ""rosie.peltier@voila.fr""}",,"""name"": ""Rosie Peltier"""
 4604," ""email"": ""oreste.ward@proyectos.com""}",,"""name"": ""Oreste Ward"""
 3203," ""email"": ""luis.edwards@live.com""}",,"""name"": ""Luis Edwards"""
 5758," ""email"": ""fiona.griffiths@curatoli-verdone.it""}",,"""name"": ""Fiona Griffiths"""
 5755," ""email"": ""sally.raya@tarchetti.it""}",,"""name"": ""Sally Raya"""
 5150," ""email"": ""carolyn.charpentier@hotmail.de""}",,"""name"": ""Carolyn Charpentier"""
 4181," ""email"": ""nathalie.alvarez@live.com""}",,"""name"": ""Nathalie Alvarez"""
 3006," ""email"": ""abril.lowery@novak.net""}",,"""name"": ""Abril Lowery"""
 4865," ""email"": ""ottone.sullivan@hussain-kaur.com""}",,"""name"": ""Ottone Sullivan"""
 2862," ""email"": ""esmeralda.sollima@visintini.it""}",,"""name"": ""Esmeralda Sollima"""
 6070," ""email"": ""silvia.gierschner@tele2.it""}",,"""name"": ""Silvia Gierschner"""
 5300," ""email"": ""kyle.cunningham@voila.fr""}",,"""name"": ""Kyle Cunningham"""
 3486," ""email"": ""anel.carpentier@klein-joseph.org""}",,"""name"": ""Anel Carpentier"""
 5989," ""email"": ""sarah.davis@david.com""}",,"""name"": ""Sarah Davis"""
 2849," ""email"": ""luke.klein@hotmail.com""}",,"""name"": ""Luke Klein"""
 1612," ""email"": ""gudrun.mueller@dillon-fuller.info""}",,"""name"": ""Gudrun Mueller"""
 3307," ""email"": ""melissa.canali@libero.it""}",,"""name"": ""Melissa Canali"""
 5288," ""email"": ""gabrielle.ayala@hotmail.com""}",,"""name"": ""Gabrielle Ayala"""
 6026," ""email"": ""laura.buckley@ryan.org""}",,"""name"": ""Laura Buckley"""
 2212," ""email"": ""wilfrido.lorch@leclerc.fr""}",,"""name"": ""Wilfrido Lorch"""
 4591," ""email"": ""robert.bruder@manzoni.com""}",,"""name"": ""Robert Bruder"""
 2771," ""email"": ""phillip.soliz@outlook.com""}",,"""name"": ""Phillip Soliz"""
 5682," ""email"": ""alex.smith@fournier.fr""}",,"""name"": ""Alex Smith"""
 5368," ""email"": ""jessica.martinez@salieri.com""}",,"""name"": ""Jessica Martinez"""
 3706," ""email"": ""kelly.carter@hotmail.com.au""}",,"""name"": ""Kelly Carter"""
 4034," ""email"": ""ahmad.sosa@gmail.com""}",,"""name"": ""Ahmad Sosa"""
 3209," ""email"": ""toralf.iglesias@borrego.com""}",,"""name"": ""Toralf Iglesias"""
 2384," ""email"": ""irene.anichini@yahoo.com""}",,"""name"": ""Irene Anichini"""
 3074," ""email"": ""alicia.cainero@yahoo.com""}",,"""name"": ""Alicia Cainero"""
 2031," ""email"": ""tracey.laboy@bell.biz""}",,"""name"": ""Tracey Laboy"""
 5873," ""email"": ""donald.reynaud@green.edu.au""}",,"""name"": ""Donald Reynaud"""
 5501," ""email"": ""venancio.stadelmann@gmx.de""}",,"""name"": ""Venancio Stadelmann"""
 3489," ""email"": ""seth.olivier@yahoo.com""}",,"""name"": ""Seth Olivier"""
 4210," ""email"": ""dennis.boaga@gmx.de""}",,"""name"": ""Dennis Boaga"""
 6151," ""email"": ""pedro.wilson@outlook.com""}",,"""name"": ""Pedro Wilson"""
 6047," ""email"": ""roland.weihmann@gmail.com""}",,"""name"": ""Roland Weihmann"""
 5445," ""email"": ""hector.morrison@web.de""}",,"""name"": ""Hector Morrison"""
 5493," ""email"": ""evangelos.peters@sanchez.net""}",,"""name"": ""Evangelos Peters"""
 6036," ""email"": ""gerardo.hamilton@libero.it""}",,"""name"": ""Gerardo Hamilton"""
 2368," ""email"": ""meta.cuzzocrea@howard-jensen.org""}",,"""name"": ""Meta Cuzzocrea"""
 1501," ""email"": ""alma.raymond@tin.it""}",,"""name"": ""Alma Raymond"""
 4351," ""email"": ""kathleen.solimena@wallace.biz""}",,"""name"": ""Kathleen Solimena"""
 3096," ""email"": ""zacharie.cordier@gmail.com""}",,"""name"": ""Zacharie Cordier"""
 6162," ""email"": ""riza.techer@yahoo.com""}",,"""name"": ""Riza Techer"""
 1433," ""email"": ""enrique.guillen@hotmail.co.uk""}",,"""name"": ""Enrique Guillen"""
 2720," ""email"": ""tristan.weeks@pena.com""}",,"""name"": ""Tristan Weeks"""
 5251," ""email"": ""natalie.lerma@boucher.com""}",,"""name"": ""Natalie Lerma"""
 1797," ""email"": ""rodney.hamon@hotmail.com""}",,"""name"": ""Rodney Hamon"""
 1656," ""email"": ""adalberto.lombardo@sfr.fr""}",,"""name"": ""Adalberto Lombardo"""
 1346," ""email"": ""florencia.querini@gmail.com""}",,"""name"": ""Florencia Querini"""
 2989," ""email"": ""liam.rolland@yahoo.fr""}",,"""name"": ""Liam Rolland"""
 5629," ""email"": ""ian.kelly@reeves.com.au""}",,"""name"": ""Ian Kelly"""
 3456," ""email"": ""mehdi.todd@web.de""}",,"""name"": ""Mehdi Todd"""
 3229," ""email"": ""rembrandt.liguori@davis.org""}",,"""name"": ""Rembrandt Liguori"""
 2277," ""email"": ""irmi.schweitzer@ozuna.com""}",,"""name"": ""Irmi Schweitzer"""
 1276," ""email"": ""gioffre.stein@hotmail.com.au""}",,"""name"": ""Gioffre Stein"""
 3694," ""email"": ""frida.villarreal@hotmail.de""}",,"""name"": ""Frida Villarreal"""
 2260," ""email"": ""steffen.mangold@paul.net""}",,"""name"": ""Steffen Mangold"""
 5374," ""email"": ""elias.marin@herve.net""}",,"""name"": ""Elias Marin"""
 4420," ""email"": ""roman.gonzalez@anderson.net""}",,"""name"": ""Roman Gonzalez"""
 3849," ""email"": ""reina.middleton@hotmail.com""}",,"""name"": ""Reina Middleton"""
 1638," ""email"": ""sandro.moran@hotmail.de""}",,"""name"": ""Sandro Moran"""
 5230," ""email"": ""gebhard.thanel@gmail.com""}",,"""name"": ""Gebhard Thanel"""
 1763," ""email"": ""antonino.bolander@gmail.com""}",,"""name"": ""Antonino Bolander"""
 4323," ""email"": ""karl.trevisani@anguissola.it""}",,"""name"": ""Karl Trevisani"""
 5256," ""email"": ""silvester.brookes@franco.org""}",,"""name"": ""Silvester Brookes"""
 4836," ""email"": ""octavio.pratt@web.de""}",,"""name"": ""Octavio Pratt"""
 5981," ""email"": ""rebecca.greer@hotmail.com""}",,"""name"": ""Rebecca Greer"""
 1463," ""email"": ""pierina.gaggini@free.fr""}",,"""name"": ""Pierina Gaggini"""
 4577," ""email"": ""robin.schleich@rogers-barrera.biz""}",,"""name"": ""Robin Schleich"""
 4951," ""email"": ""sergio.abbott@moore.net.au""}",,"""name"": ""Sergio Abbott"""
 3567," ""email"": ""gilberto.evans@salcedo-archuleta.net""}",,"""name"": ""Gilberto Evans"""
 5475," ""email"": ""james.elliott@gmail.com""}",,"""name"": ""James Elliott"""
 2114," ""email"": ""timoteo.bolnbach@laboratorios.com""}",,"""name"": ""Timoteo Bolnbach"""
 5216," ""email"": ""tonino.stanley@hotmail.com""}",,"""name"": ""Tonino Stanley"""
 1665," ""email"": ""margaretha.murialdo@meunier.com""}",,"""name"": ""Margaretha Murialdo"""
 6051," ""email"": ""bianca.drubin@libero.it""}",,"""name"": ""Bianca Drubin"""
 3983," ""email"": ""kaylee.hoffmann@poulain.com""}",,"""name"": ""Kaylee Hoffmann"""
 2966," ""email"": ""teresa.vecellio@yahoo.com""}",,"""name"": ""Teresa Vecellio"""
 4478," ""email"": ""emine.tacchini@dbmail.com""}",,"""name"": ""Emine Tacchini"""
 4238," ""email"": ""dawn.cortez@gmail.com""}",,"""name"": ""Dawn Cortez"""
 4404," ""email"": ""emily.cundari@clark.com.au""}",,"""name"": ""Emily Cundari"""
 5666," ""email"": ""eleanor.hall@hotmail.com""}",,"""name"": ""Eleanor Hall"""
 3691," ""email"": ""monique.delgadillo@hotmail.co.uk""}",,"""name"": ""Monique Delgadillo"""
 2703," ""email"": ""arnaude.warner@gmail.com""}",,"""name"": ""Arnaude Warner"""
 4253," ""email"": ""jason.howell@gmx.de""}",,"""name"": ""Jason Howell"""
 5652," ""email"": ""nicole.mccullough@hall.com""}",,"""name"": ""Nicole Mccullough"""
 3279," ""email"": ""rosmarie.esquibel@bouygtel.fr""}",,"""name"": ""Rosmarie Esquibel"""
 3233," ""email"": ""leonor.ferreira@gmail.com""}",,"""name"": ""Leonor Ferreira"""
 3017," ""email"": ""brett.jones@alice.it""}",,"""name"": ""Brett Jones"""
 3482," ""email"": ""nino.bien@gmail.com""}",,"""name"": ""Nino Bien"""
 2166," ""email"": ""jemma.tate@hotmail.de""}",,"""name"": ""Jemma Tate"""
 4146," ""email"": ""denis.rogers@poste.it""}",,"""name"": ""Denis Rogers"""
 2651," ""email"": ""vanesa.khan@voila.fr""}",,"""name"": ""Vanesa Khan"""
 1409," ""email"": ""victoria.ojeda@doehn.com""}",,"""name"": ""Victoria Ojeda"""
 3717," ""email"": ""eugenio.martin@yahoo.de""}",,"""name"": ""Eugenio Martin"""
 3963," ""email"": ""nancy.hayes@hotmail.com""}",,"""name"": ""Nancy Hayes"""
 2152," ""email"": ""lara.jacob@buckley.org""}",,"""name"": ""Lara Jacob"""
 2974," ""email"": ""gino.hernandez@covarrubias.com""}",,"""name"": ""Gino Hernandez"""
 1268," ""email"": ""vicente.tijerina@montanariello.com""}",,"""name"": ""Vicente Tijerina"""
 1822," ""email"": ""michele.brambilla@yahoo.com""}",,"""name"": ""Michele Brambilla"""
 5066," ""email"": ""dana.ritacca@gmail.com""}",,"""name"": ""Dana Ritacca"""
 5075," ""email"": ""mitchell.bachmann@suarez-cruz.com""}",,"""name"": ""Mitchell Bachmann"""
 3855," ""email"": ""vincenza.key@adams.com""}",,"""name"": ""Vincenza Key"""
 5923," ""email"": ""salvador.gaillard@yahoo.de""}",,"""name"": ""Salvador Gaillard"""
 1867," ""email"": ""diane.rogner@kelly.co.uk""}",,"""name"": ""Diane Rogner"""
 4376," ""email"": ""josette.laine@saracino-parisi.net""}",,"""name"": ""Josette Laine"""
 2785," ""email"": ""courtney.fiebig@doerschner.com""}",,"""name"": ""Courtney Fiebig"""
 5884," ""email"": ""hugues.oliver@stiffel.com""}",,"""name"": ""Hugues Oliver"""
 2441," ""email"": ""espartaco.willis@hotmail.com""}",,"""name"": ""Espartaco Willis"""
 1243," ""email"": ""flavia.yoder@hotmail.de""}",,"""name"": ""Flavia Yoder"""
 3411," ""email"": ""casey.flores@baggio.org""}",,"""name"": ""Casey Flores"""
 2467," ""email"": ""calogero.cross@mercantini.it""}",,"""name"": ""Calogero Cross"""
 1850," ""email"": ""charles.begum@laboratorios.info""}",,"""name"": ""Charles Begum"""
 2604," ""email"": ""adina.pollard@outlook.com""}",,"""name"": ""Adina Pollard"""
 1693," ""email"": ""natasha.lara@outlook.com""}",,"""name"": ""Natasha Lara"""
 2969," ""email"": ""benita.pottier@sfr.fr""}",,"""name"": ""Benita Pottier"""
 1544," ""email"": ""elizabeth.valdivia@gmail.com""}",,"""name"": ""Elizabeth Valdivia"""
 4149," ""email"": ""mattia.huet@aol.de""}",,"""name"": ""Mattia Huet"""
 3463," ""email"": ""geza.howard@voila.fr""}",,"""name"": ""Geza Howard"""
 2939," ""email"": ""lauren.guillaume@sorgatz.org""}",,"""name"": ""Lauren Guillaume"""
 2202," ""email"": ""joanna.baxter@bruce-wright.com""}",,"""name"": ""Joanna Baxter"""
 1728," ""email"": ""tracy.metz@bryant.info""}",,"""name"": ""Tracy Metz"""
 5362," ""email"": ""birgit.pena@armellini.it""}",,"""name"": ""Birgit Pena"""
 4840," ""email"": ""elvira.papafava@ifrance.com""}",,"""name"": ""Elvira Papafava"""
 2955," ""email"": ""ernest.delorme@dowerg.de""}",,"""name"": ""Ernest Delorme"""
 5354," ""email"": ""christy.grossi@alarcon-tafoya.com""}",,"""name"": ""Christy Grossi"""
 3847," ""email"": ""hermelinda.olmos@portillo.com""}",,"""name"": ""Hermelinda Olmos"""
 3025," ""email"": ""herbert.fraser@holloway.org.au""}",,"""name"": ""Herbert Fraser"""
 1615," ""email"": ""giancarlo.heydrich@hotmail.com""}",,"""name"": ""Giancarlo Heydrich"""
 5154," ""email"": ""constance.maldonado@spiess.net""}",,"""name"": ""Constance Maldonado"""
 5005," ""email"": ""giampiero.carlier@hotmail.com""}",,"""name"": ""Giampiero Carlier"""
 1349," ""email"": ""carlo.jacquot@hotmail.com""}",,"""name"": ""Carlo Jacquot"""
 3670," ""email"": ""gabriel.robles@yahoo.com""}",,"""name"": ""Gabriel Robles"""
 2912," ""email"": ""gerd.gunpf@gmail.com""}",,"""name"": ""Gerd Gunpf"""
 4336," ""email"": ""ashley.hellwig@libero.it""}",,"""name"": ""Ashley Hellwig"""
 5576," ""email"": ""patrick.rosas@yahoo.com""}",,"""name"": ""Patrick Rosas"""
 2736," ""email"": ""lilla.leonard@jungfer.com""}",,"""name"": ""Lilla Leonard"""
 3321," ""email"": ""tony.nicolas@morrocco-seddio.net""}",,"""name"": ""Tony Nicolas"""
 3353," ""email"": ""allegra.benedetti@miller.com""}",,"""name"": ""Allegra Benedetti"""
 2336," ""email"": ""camille.tafuri@aol.de""}",,"""name"": ""Camille Tafuri"""
 4369," ""email"": ""juan.wheeler@gilmore.net""}",,"""name"": ""Juan Wheeler"""
 4464," ""email"": ""leopoldo.johnson@hotmail.com.au""}",,"""name"": ""Leopoldo Johnson"""
 5626," ""email"": ""dietmar.grenier@tele2.it""}",,"""name"": ""Dietmar Grenier"""
 1669," ""email"": ""leonid.scholl@collin.com""}",,"""name"": ""Leonid Scholl"""
 5544," ""email"": ""olivie.contarini@marshall-wright.biz""}",,"""name"": ""Olivie Contarini"""
 6078," ""email"": ""jeffery.lacroix@medina.org""}",,"""name"": ""Jeffery Lacroix"""
 2580," ""email"": ""edeltraud.chavez@hotmail.com.au""}",,"""name"": ""Edeltraud Chavez"""
 3592," ""email"": ""mesut.morvan@gmail.com""}",,"""name"": ""Mesut Morvan"""
 4914," ""email"": ""gregory.jackson@ortiz.com""}",,"""name"": ""Gregory Jackson"""
 3848," ""email"": ""nicola.rossi@berry.org""}",,"""name"": ""Nicola Rossi"""
 2619," ""email"": ""eddie.collazo@gmail.com""}",,"""name"": ""Eddie Collazo"""
 4605," ""email"": ""philippe.gardner@howells-jones.net""}",,"""name"": ""Philippe Gardner"""
 6147," ""email"": ""roy.fox@tejeda.com""}",,"""name"": ""Roy Fox"""
 1383," ""email"": ""heiderose.garcia@noos.fr""}",,"""name"": ""Heiderose Garcia"""
 1757," ""email"": ""claudine.rowley@industrias.com""}",,"""name"": ""Claudine Rowley"""
 4390," ""email"": ""astrid.roht@fastwebnet.it""}",,"""name"": ""Astrid Roht"""
 4165," ""email"": ""auguste.burnett@yahoo.fr""}",,"""name"": ""Auguste Burnett"""
 4529," ""email"": ""pellegrino.allen@gmail.com""}",,"""name"": ""Pellegrino Allen"""
 6084," ""email"": ""angela.bowers@laboratorios.com""}",,"""name"": ""Angela Bowers"""
 2916," ""email"": ""michael.descamps@gmail.com""}",,"""name"": ""Michael Descamps"""
 2005," ""email"": ""heidelore.kennedy@guinizzelli.org""}",,"""name"": ""Heidelore Kennedy"""
 2261," ""email"": ""lucrezia.koch@petit.com""}",,"""name"": ""Lucrezia Koch"""
 5342," ""email"": ""ivan.accardo@web.de""}",,"""name"": ""Ivan Accardo"""
 4087," ""email"": ""karen.avogadro@yahoo.com""}",,"""name"": ""Karen Avogadro"""
 2761," ""email"": ""laetitia.gallet@aubry.org""}",,"""name"": ""Laetitia Gallet"""
 2908," ""email"": ""amico.gosselin@shaw.info""}",,"""name"": ""Amico Gosselin"""
 2155," ""email"": ""ilaria.bowen@hotmail.it""}",,"""name"": ""Ilaria Bowen"""
 5642," ""email"": ""marlen.coardi@colletti.eu""}",,"""name"": ""Marlen Coardi"""
 6217," ""email"": ""rafael.alexander@jenkins.com""}",,"""name"": ""Rafael Alexander"""
 4222," ""email"": ""herma.gabbana@hotmail.com""}",,"""name"": ""Herma Gabbana"""
 4798," ""email"": ""zachary.vespucci@industrias.com""}",,"""name"": ""Zachary Vespucci"""
 5660," ""email"": ""marisol.richard@gmail.com""}",,"""name"": ""Marisol Richard"""
 5000," ""email"": ""joseph.glover@laposte.net""}",,"""name"": ""Joseph Glover"""
 2809," ""email"": ""lauretta.neal@hotmail.de""}",,"""name"": ""Lauretta Neal"""
 3349," ""email"": ""simone.sauvage@yahoo.com""}",,"""name"": ""Simone Sauvage"""
 3647," ""email"": ""ramona.brooks@kensy.de""}",,"""name"": ""Ramona Brooks"""
 5745," ""email"": ""gioele.schwital@moody.com""}",,"""name"": ""Gioele Schwital"""
 2583," ""email"": ""elena.jimenez@yahoo.com.au""}",,"""name"": ""Elena Jimenez"""
 5441," ""email"": ""pam.vargas@guillot.net""}",,"""name"": ""Pam Vargas"""
 2090," ""email"": ""alison.morales@lewis.com""}",,"""name"": ""Alison Morales"""
 3386," ""email"": ""marc.aumann@holland.com""}",,"""name"": ""Marc Aumann"""
 1816," ""email"": ""carla.butler@yahoo.com""}",,"""name"": ""Carla Butler"""
 4718," ""email"": ""dionigi.bruce@industrias.com""}",,"""name"": ""Dionigi Bruce"""
 1677," ""email"": ""frank.henry@yahoo.com""}",,"""name"": ""Frank Henry"""
 4218," ""email"": ""brent.pons@proyectos.net""}",,"""name"": ""Brent Pons"""
 4548," ""email"": ""patricia.liebelt@baca.org""}",,"""name"": ""Patricia Liebelt"""
 1431," ""email"": ""micheletto.sykes@thompson-thompson.com""}",,"""name"": ""Micheletto Sykes"""
 2830," ""email"": ""rose.blanc@grupo.com""}",,"""name"": ""Rose Blanc"""
 4400," ""email"": ""vincent.singh@gmail.com""}",,"""name"": ""Vincent Singh"""
 5773," ""email"": ""jamie.peacock@interiano-nordio.com""}",,"""name"": ""Jamie Peacock"""
 4161," ""email"": ""giorgia.dijoux@paul.com""}",,"""name"": ""Giorgia Dijoux"""
 2062," ""email"": ""serena.piacentini@yahoo.de""}",,"""name"": ""Serena Piacentini"""
 3458," ""email"": ""dimitri.posada@gmail.com""}",,"""name"": ""Dimitri Posada"""
 3174," ""email"": ""alexa.barillaro@ramos.net""}",,"""name"": ""Alexa Barillaro"""
 5565," ""email"": ""megan.kuhl@despacho.com""}",,"""name"": ""Megan Kuhl"""
 1906," ""email"": ""kaitlyn.farinelli@outlook.com""}",,"""name"": ""Kaitlyn Farinelli"""
 5479," ""email"": ""jonathan.castellitto@libero.it""}",,"""name"": ""Jonathan Castellitto"""
 4320," ""email"": ""lisa.terragni@proyectos.com""}",,"""name"": ""Lisa Terragni"""
 4213," ""email"": ""olivier.petrucelli@letta-raurica.eu""}",,"""name"": ""Olivier Petrucelli"""
 3373," ""email"": ""jos.trobbiani@samson.com""}",,"""name"": ""Jos Trobbiani"""
 4184," ""email"": ""mirjam.dawson@yahoo.com""}",,"""name"": ""Mirjam Dawson"""
 5472," ""email"": ""javier.tessier@mclaughlin.biz""}",,"""name"": ""Javier Tessier"""
 5559," ""email"": ""mirjana.collins@hotmail.com""}",,"""name"": ""Mirjana Collins"""
 5419," ""email"": ""vanessa.tschentscher@mitchell.com""}",,"""name"": ""Vanessa Tschentscher"""
 4171," ""email"": ""antonina.cobb@gibson.org""}",,"""name"": ""Antonina Cobb"""
 1302," ""email"": ""bernard.durand@royer.com""}",,"""name"": ""Bernard Durand"""
 3520," ""email"": ""corey.greggio@johnson.org.au""}",,"""name"": ""Corey Greggio"""
 6010," ""email"": ""rodolfo.couturier@tim.it""}",,"""name"": ""Rodolfo Couturier"""
 4617," ""email"": ""pierre.cardenas@luzi-bonomo.eu""}",,"""name"": ""Pierre Cardenas"""
 1417," ""email"": ""romeo.surian@batista.com""}",,"""name"": ""Romeo Surian"""
 4770," ""email"": ""ivo.moreno@hotmail.com""}",,"""name"": ""Ivo Moreno"""
 4328," ""email"": ""federico.marie@jourdan.fr""}",,"""name"": ""Federico Marie"""
 5171," ""email"": ""maggie.boito@yahoo.com""}",,"""name"": ""Maggie Boito"""
 4394," ""email"": ""brianna.hanson@stanley.com""}",,"""name"": ""Brianna Hanson"""
 1794," ""email"": ""heiko.bourgeois@togliatti.com""}",,"""name"": ""Heiko Bourgeois"""
 3510," ""email"": ""benito.gritti@gmail.com""}",,"""name"": ""Benito Gritti"""
 2487," ""email"": ""mitzy.junk@zaragoza.com""}",,"""name"": ""Mitzy Junk"""
 2215," ""email"": ""samantha.lowe@praga.it""}",,"""name"": ""Samantha Lowe"""
 4136," ""email"": ""ernesto.nerger@middleton.co.uk""}",,"""name"": ""Ernesto Nerger"""
 3723," ""email"": ""melinda.canova@orange.fr""}",,"""name"": ""Melinda Canova"""
 5842," ""email"": ""mohammad.hartung@hotmail.com""}",,"""name"": ""Mohammad Hartung"""
 3289," ""email"": ""ben.maillot@ramos.net""}",,"""name"": ""Ben Maillot"""
 1249," ""email"": ""isabel.pruschke@gmail.com""}",,"""name"": ""Isabel Pruschke"""
 5409," ""email"": ""linda.franceschi@richards.net""}",,"""name"": ""Linda Franceschi"""
 2951," ""email"": ""olivia.striebitz@gmail.com""}",,"""name"": ""Olivia Striebitz"""
 3432," ""email"": ""penny.watson@matthews.net""}",,"""name"": ""Penny Watson"""
 2297," ""email"": ""manfred.james@davies.org""}",,"""name"": ""Manfred James"""
 6161," ""email"": ""hazel.pierce@outlook.com""}",,"""name"": ""Hazel Pierce"""
 4603," ""email"": ""alf.bates@dunn.com""}",,"""name"": ""Alf Bates"""
 5818," ""email"": ""scott.gough@industrias.com""}",,"""name"": ""Scott Gough"""
 4270," ""email"": ""konrad.briones@fierro.com""}",,"""name"": ""Konrad Briones"""
 6007," ""email"": ""mathilde.kruschwitz@yahoo.com""}",,"""name"": ""Mathilde Kruschwitz"""
 4084," ""email"": ""irma.gemito@googlemail.com""}",,"""name"": ""Irma Gemito"""
 1340," ""email"": ""antoine.guyon@yahoo.com""}",,"""name"": ""Antoine Guyon"""
 5675," ""email"": ""william.gibilisco@gaillard.com""}",,"""name"": ""William Gibilisco"""
 2010," ""email"": ""judith.butte@fischer-vaughn.info""}",,"""name"": ""Judith Butte"""
 6201," ""email"": ""joanne.henderson@gmail.com""}",,"""name"": ""Joanne Henderson"""
 1791," ""email"": ""ludovica.arellano@morandi-argento.com""}",,"""name"": ""Ludovica Arellano"""
 3314," ""email"": ""catherine.gray@hotmail.com""}",,"""name"": ""Catherine Gray"""
 5852," ""email"": ""franco.fioravanti@barry-gill.com.au""}",,"""name"": ""Franco Fioravanti"""
 4618," ""email"": ""heather.zimmer@bluemel.de""}",,"""name"": ""Heather Zimmer"""
 2618," ""email"": ""hortense.taylor@chambers.biz""}",,"""name"": ""Hortense Taylor"""
 4967," ""email"": ""livia.ernst@colas.fr""}",,"""name"": ""Livia Ernst"""
 4594," ""email"": ""toby.etzler@industrias.com""}",,"""name"": ""Toby Etzler"""
 2080," ""email"": ""ennio.leoncavallo@sanchez.org""}",,"""name"": ""Ennio Leoncavallo"""
 2793," ""email"": ""philippine.vaca@hotmail.com""}",,"""name"": ""Philippine Vaca"""
 4890," ""email"": ""rhonda.phillips@yahoo.com""}",,"""name"": ""Rhonda Phillips"""
 3528," ""email"": ""alphonse.nitto@voila.fr""}",,"""name"": ""Alphonse Nitto"""
 5810," ""email"": ""karina.arreola@yahoo.com.au""}",,"""name"": ""Karina Arreola"""
 5720," ""email"": ""denise.wood@mantegna.com""}",,"""name"": ""Denise Wood"""
 4593," ""email"": ""burghard.rosenow@hotmail.com""}",,"""name"": ""Burghard Rosenow"""
 3186," ""email"": ""friedl.powell@laposte.net""}",,"""name"": ""Friedl Powell"""
 5136," ""email"": ""benjamin.schultz@rivero-davila.com""}",,"""name"": ""Benjamin Schultz"""
 2646," ""email"": ""rachel.ulibarri@schueler.com""}",,"""name"": ""Rachel Ulibarri"""
 3460," ""email"": ""silvano.blanchet@yahoo.com""}",,"""name"": ""Silvano Blanchet"""
 4345," ""email"": ""kurt.sauer@almanza.biz""}",,"""name"": ""Kurt Sauer"""
 2690," ""email"": ""nayeli.gehringer@hotmail.com""}",,"""name"": ""Nayeli Gehringer"""
 4025," ""email"": ""imelda.guerin@stumpf.net""}",,"""name"": ""Imelda Guerin"""
 4524," ""email"": ""zbigniew.holmes@stiffel.net""}",,"""name"": ""Zbigniew Holmes"""
 3978," ""email"": ""adela.alfonsi@despacho.com""}",,"""name"": ""Adela Alfonsi"""
 3910," ""email"": ""hilary.clark@libero.it""}",,"""name"": ""Hilary Clark"""
 5825," ""email"": ""kornelius.molina@heuser.com""}",,"""name"": ""Kornelius Molina"""
 3564," ""email"": ""christian.anderson@tim.it""}",,"""name"": ""Christian Anderson"""
 2396," ""email"": ""francisco.dorsey@tiscali.fr""}",,"""name"": ""Francisco Dorsey"""
 2140," ""email"": ""walli.albert@dussen.com""}",,"""name"": ""Walli Albert"""
 3079," ""email"": ""siegrun.mota@matthews-montoya.org.au""}",,"""name"": ""Siegrun Mota"""
 2017," ""email"": ""alberico.herve@beer.net""}",,"""name"": ""Alberico Herve"""
 5444," ""email"": ""serafina.bonnin@mendes.com""}",,"""name"": ""Serafina Bonnin"""
 2216," ""email"": ""marcelle.bender@edwards-robinson.info""}",,"""name"": ""Marcelle Bender"""
 1241," ""email"": ""hartmuth.robertson@thomas.edu.au""}",,"""name"": ""Hartmuth Robertson"""
 1484," ""email"": ""herlinde.george@free.fr""}",,"""name"": ""Herlinde George"""
 3475," ""email"": ""pamela.payne@yahoo.com""}",,"""name"": ""Pamela Payne"""
 4333," ""email"": ""gastone.beyer@stewart-sanchez.edu""}",,"""name"": ""Gastone Beyer"""
 5657," ""email"": ""lydia.berengario@aol.de""}",,"""name"": ""Lydia Berengario"""
 2527," ""email"": ""lucy.davidson@tele2.it""}",,"""name"": ""Lucy Davidson"""
 5967," ""email"": ""franck.wade@gute.org""}",,"""name"": ""Franck Wade"""
 5698," ""email"": ""heidi.barker@gmail.com""}",,"""name"": ""Heidi Barker"""
 3331," ""email"": ""arnaldo.ocasio@hotmail.com""}",,"""name"": ""Arnaldo Ocasio"""
 3841," ""email"": ""francis.bernier@rodriguez.com""}",,"""name"": ""Francis Bernier"""
 6105," ""email"": ""johanne.strong@yahoo.de""}",,"""name"": ""Johanne Strong"""
 3895," ""email"": ""debra.langlois@schmiedecke.com""}",,"""name"": ""Debra Langlois"""
 1891," ""email"": ""reingard.kambs@sagese.eu""}",,"""name"": ""Reingard Kambs"""
 1281," ""email"": ""mauro.ortiz@oquendo.net""}",,"""name"": ""Mauro Ortiz"""
 4186," ""email"": ""griselda.carranza@krause.de""}",,"""name"": ""Griselda Carranza"""
 2511," ""email"": ""janet.madrigal@gmail.com""}",,"""name"": ""Janet Madrigal"""
 4272," ""email"": ""jenna.day@reed.com""}",,"""name"": ""Jenna Day"""
 3533," ""email"": ""modesto.wright@pareto.com""}",,"""name"": ""Modesto Wright"""
 3618," ""email"": ""alice.wall@zaccardo.it""}",,"""name"": ""Alice Wall"""
 2177," ""email"": ""brenda.sontag@solari.com""}",,"""name"": ""Brenda Sontag"""
 4102," ""email"": ""sergius.mace@palazzo.com""}",,"""name"": ""Sergius Mace"""
 6089," ""email"": ""antonia.kline@gmail.com""}",,"""name"": ""Antonia Kline"""
 4701," ""email"": ""maurice.gumprich@griffin.net.au""}",,"""name"": ""Maurice Gumprich"""
 5645," ""email"": ""daniel.anders@yahoo.com""}",,"""name"": ""Daniel Anders"""
 4499," ""email"": ""zaira.cattaneo@yahoo.com""}",,"""name"": ""Zaira Cattaneo"""
 3365," ""email"": ""alessio.bruneau@hotmail.co.uk""}",,"""name"": ""Alessio Bruneau"""
 2290," ""email"": ""gerdi.guerrero@tele2.fr""}",,"""name"": ""Gerdi Guerrero"""
 1890," ""email"": ""brigitte.stiebitz@gmail.com""}",,"""name"": ""Brigitte Stiebitz"""
 1304," ""email"": ""june.sinisi@manzoni-giannini.it""}",,"""name"": ""June Sinisi"""
 3799," ""email"": ""carl.macias@yahoo.com""}",,"""name"": ""Carl Macias"""
 2749," ""email"": ""veronica.trapp@tiscali.it""}",,"""name"": ""Veronica Trapp"""
 2028," ""email"": ""frances.garnier@aporti-guidotti.org""}",,"""name"": ""Frances Garnier"""
 2383," ""email"": ""terri.iannelli@hotmail.com""}",,"""name"": ""Terri Iannelli"""
 5721," ""email"": ""odette.moore@hall.edu""}",,"""name"": ""Odette Moore"""
 1394," ""email"": ""mercedes.trujillo@aol.de""}",,"""name"": ""Mercedes Trujillo"""
 3451," ""email"": ""babette.dumas@brady.net""}",,"""name"": ""Babette Dumas"""
 5512," ""email"": ""jerry.santiago@soprano-ferragni.it""}",,"""name"": ""Jerry Santiago"""
 2453," ""email"": ""ronald.simpson@ovadia.net""}",,"""name"": ""Ronald Simpson"""
 6055," ""email"": ""emmanuel.dominguez@gmail.com""}",,"""name"": ""Emmanuel Dominguez"""
 5704," ""email"": ""christiane.ricciardi@zavala.com""}",,"""name"": ""Christiane Ricciardi"""
 3707," ""email"": ""ingolf.zamora@yahoo.com.au""}",,"""name"": ""Ingolf Zamora"""
 2205," ""email"": ""rita.sharp@beard-scott.edu.au""}",,"""name"": ""Rita Sharp"""
 5976," ""email"": ""geraldine.cabrera@green-smith.info""}",,"""name"": ""Geraldine Cabrera"""
 3290," ""email"": ""chantal.armas@jenkins.net""}",,"""name"": ""Chantal Armas"""
 4257," ""email"": ""louis.gilbert@gmail.com""}",,"""name"": ""Louis Gilbert"""
 4588," ""email"": ""michelle.collier@peruzzi.it""}",,"""name"": ""Michelle Collier"""
 4785," ""email"": ""guillermina.nicholson@grondin.fr""}",,"""name"": ""Guillermina Nicholson"""
 3033," ""email"": ""bertrand.hopkins@gmail.com""}",,"""name"": ""Bertrand Hopkins"""
 2779," ""email"": ""alonso.palomo@gehringer.de""}",,"""name"": ""Alonso Palomo"""
 2131," ""email"": ""tina.rodriguez@web.de""}",,"""name"": ""Tina Rodriguez"""
 6229," ""email"": ""eva.francis@parker.org""}",,"""name"": ""Eva Francis"""
 3429," ""email"": ""ottavio.rust@crespi.com""}",,"""name"": ""Ottavio Rust"""
 1613," ""email"": ""amelia.olvera@hotmail.com""}",,"""name"": ""Amelia Olvera"""
 4734," ""email"": ""paul.palladio@mclaughlin.net.au""}",,"""name"": ""Paul Palladio"""
 4439," ""email"": ""bernardo.wieloch@budig.com""}",,"""name"": ""Bernardo Wieloch"""
 1441," ""email"": ""umberto.hicks@hill.com""}",,"""name"": ""Umberto Hicks"""
 5799," ""email"": ""janko.bishop@tim.it""}",,"""name"": ""Janko Bishop"""
 1419," ""email"": ""jessika.meunier@gmx.de""}",,"""name"": ""Jessika Meunier"""
 3059," ""email"": ""isaac.benard@googlemail.com""}",,"""name"": ""Isaac Benard"""
 3224," ""email"": ""alexandrie.lambert@yahoo.com""}",,"""name"": ""Alexandrie Lambert"""
 3181," ""email"": ""roberto.guyot@bennett.com""}",,"""name"": ""Roberto Guyot"""
 6061," ""email"": ""giulietta.lucas@club.com""}",,"""name"": ""Giulietta Lucas"""
 4466," ""email"": ""damaris.pininfarina@gmail.com""}",,"""name"": ""Damaris Pininfarina"""
 6081," ""email"": ""fabrizia.renard@higgins-marks.com""}",,"""name"": ""Fabrizia Renard"""
 2159," ""email"": ""camillo.dehmel@brown-campbell.com""}",,"""name"": ""Camillo Dehmel"""
 3324," ""email"": ""ruggero.parpinel@gmail.com""}",,"""name"": ""Ruggero Parpinel"""
 3176," ""email"": ""stephen.pratesi@hotmail.com""}",,"""name"": ""Stephen Pratesi"""
 5874," ""email"": ""ludger.naccari@ingram.biz""}",,"""name"": ""Ludger Naccari"""
 5110," ""email"": ""meryem.tapia@yahoo.com""}",,"""name"": ""Meryem Tapia"""
 5490," ""email"": ""jasmine.juvara@yahoo.com.au""}",,"""name"": ""Jasmine Juvara"""
 1922," ""email"": ""victoire.travaglia@zacchia.com""}",,"""name"": ""Victoire Travaglia"""
 4398," ""email"": ""adrian.noel@perrin.com""}",,"""name"": ""Adrian Noel"""
 4754," ""email"": ""marvin.howe@gmail.com""}",,"""name"": ""Marvin Howe"""
 3309," ""email"": ""hanne.kidd@yahoo.com""}",,"""name"": ""Hanne Kidd"""
 1244," ""email"": ""donatello.millet@fritsch.net""}",,"""name"": ""Donatello Millet"""
 2892," ""email"": ""eloisa.pascarella@gmail.com""}",,"""name"": ""Eloisa Pascarella"""
 2777," ""email"": ""erica.zambrano@gmail.com""}",,"""name"": ""Erica Zambrano"""
 4952," ""email"": ""paula.canales@gilmore-guerrero.com""}",,"""name"": ""Paula Canales"""
 5144," ""email"": ""claudia.bernard@mazzanti.it""}",,"""name"": ""Claudia Bernard"""
 5487," ""email"": ""paulina.miller@lewis-barker.com""}",,"""name"": ""Paulina Miller"""
 1932," ""email"": ""kathrin.godfrey@tele2.fr""}",,"""name"": ""Kathrin Godfrey"""
 3364," ""email"": ""pina.passalacqua@yahoo.co.uk""}",,"""name"": ""Pina Passalacqua"""
 5165," ""email"": ""julien.miles@stevens-rose.com""}",,"""name"": ""Julien Miles"""
 3858," ""email"": ""suzanne.benigni@mennea-morlacchi.com""}",,"""name"": ""Suzanne Benigni"""
 4666," ""email"": ""annalisa.pugh@hotmail.fr""}",,"""name"": ""Annalisa Pugh"""
 2896," ""email"": ""mathew.maestas@casas-garrido.com""}",,"""name"": ""Mathew Maestas"""
 4520," ""email"": ""laszlo.vallee@verdier.com""}",,"""name"": ""Laszlo Vallee"""
 5726," ""email"": ""helen.polanco@hotmail.com""}",,"""name"": ""Helen Polanco"""
 5661," ""email"": ""mateo.sorrentino@calderon.com""}",,"""name"": ""Mateo Sorrentino"""
 4765," ""email"": ""eric.barnes@barrett-winter.com""}",,"""name"": ""Eric Barnes"""
 3710," ""email"": ""dragica.west@yahoo.com.au""}",,"""name"": ""Dragica West"""
 4925," ""email"": ""antje.voisin@gmail.com""}",,"""name"": ""Antje Voisin"""
 1533," ""email"": ""stanley.mills@parker-lee.biz""}",,"""name"": ""Stanley Mills"""
 5264," ""email"": ""brandy.meraz@yahoo.com""}",,"""name"": ""Brandy Meraz"""
 4606," ""email"": ""conor.reinhardt@yahoo.com.au""}",,"""name"": ""Conor Reinhardt"""
 2043," ""email"": ""gabino.blot@lewis-russell.org""}",,"""name"": ""Gabino Blot"""
 3871," ""email"": ""alvaro.lemus@yahoo.com""}",,"""name"": ""Alvaro Lemus"""
 6205," ""email"": ""patrizia.wilms@dbmail.com""}",,"""name"": ""Patrizia Wilms"""
 3193," ""email"": ""metin.coulon@ashley.com""}",,"""name"": ""Metin Coulon"""
 1810," ""email"": ""reece.valencia@laboy-palomo.com""}",,"""name"": ""Reece Valencia"""
 4797," ""email"": ""troy.schmiedecke@picard.com""}",,"""name"": ""Troy Schmiedecke"""
 1487," ""email"": ""wendy.bustos@libero.it""}",,"""name"": ""Wendy Bustos"""
 3474," ""email"": ""guglielmo.caldwell@loeffler.com""}",,"""name"": ""Guglielmo Caldwell"""
 5771," ""email"": ""travis.cowan@turner.info""}",,"""name"": ""Travis Cowan"""
 6074," ""email"": ""brandi.abbagnale@tele2.fr""}",,"""name"": ""Brandi Abbagnale"""
 1568," ""email"": ""hanno.gollum@smith.com""}",,"""name"": ""Hanno Gollum"""
 4263," ""email"": ""jutta.burke@elliott.com""}",,"""name"": ""Jutta Burke"""
 5850," ""email"": ""dorothe.paz@fiebig.de""}",,"""name"": ""Dorothe Paz"""
 5619," ""email"": ""desiree.huerta@morris.com""}",,"""name"": ""Desiree Huerta"""
 1904," ""email"": ""ilse.bray@venturi.it""}",,"""name"": ""Ilse Bray"""
 5388," ""email"": ""pierpaolo.scaduto@sanders-gibson.com.au""}",,"""name"": ""Pierpaolo Scaduto"""
 2150," ""email"": ""amedeo.bradford@yahoo.com""}",,"""name"": ""Amedeo Bradford"""
 2653," ""email"": ""julia.ali@yahoo.com""}",,"""name"": ""Julia Ali"""
 2687," ""email"": ""catalina.pizzetti@tim.it""}",,"""name"": ""Catalina Pizzetti"""
 3779," ""email"": ""dylan.porzio@yahoo.de""}",,"""name"": ""Dylan Porzio"""
 1494," ""email"": ""iris.trincavelli@tiscali.fr""}",,"""name"": ""Iris Trincavelli"""
 4129," ""email"": ""johnathan.guidotti@cox-sanchez.net""}",,"""name"": ""Johnathan Guidotti"""
 3035," ""email"": ""walburga.vollbrecht@aol.de""}",,"""name"": ""Walburga Vollbrecht"""
 2069," ""email"": ""kendra.david@allan-morton.com""}",,"""name"": ""Kendra David"""
 5469," ""email"": ""aleksandr.weiss@blanc.org""}",,"""name"": ""Aleksandr Weiss"""
 3903," ""email"": ""cornelio.guardado@gmail.com""}",,"""name"": ""Cornelio Guardado"""
 4083," ""email"": ""ferdi.blackburn@christensen.net""}",,"""name"": ""Ferdi Blackburn"""
 4003," ""email"": ""bill.gallagher@green.com""}",,"""name"": ""Bill Gallagher"""
 3565," ""email"": ""leonard.harvey@hotmail.com""}",,"""name"": ""Leonard Harvey"""
 1640," ""email"": ""milan.montenegro@langern.com""}",,"""name"": ""Milan Montenegro"""
 4769," ""email"": ""philip.perez@hotmail.co.uk""}",,"""name"": ""Philip Perez"""
 3398," ""email"": ""kathryn.hentschel@shaw.com""}",,"""name"": ""Kathryn Hentschel"""
 1865," ""email"": ""xavier.samson@baggio.it""}",,"""name"": ""Xavier Samson"""
 5690," ""email"": ""hartwig.roberts@saraceno.net""}",,"""name"": ""Hartwig Roberts"""
 3814," ""email"": ""kimberly.chan@gmail.com""}",,"""name"": ""Kimberly Chan"""
 2942," ""email"": ""lorraine.crawford@gmail.com""}",,"""name"": ""Lorraine Crawford"""
 5095," ""email"": ""maximiliano.knowles@gmail.com""}",,"""name"": ""Maximiliano Knowles"""
 2878," ""email"": ""gabriella.avila@gmail.com""}",,"""name"": ""Gabriella Avila"""
 3697," ""email"": ""rico.mortati@faivre.fr""}",,"""name"": ""Rico Mortati"""
 4744," ""email"": ""gail.petrocelli@yahoo.com""}",,"""name"": ""Gail Petrocelli"""
 2104," ""email"": ""liberto.niemeier@germano-dibiasi.it""}",,"""name"": ""Liberto Niemeier"""
 4883," ""email"": ""luciana.petitjean@patterson-cole.biz""}",,"""name"": ""Luciana Petitjean"""
 4807," ""email"": ""ron.cavazos@yahoo.com""}",,"""name"": ""Ron Cavazos"""
 1372," ""email"": ""aldo.cibin@gmx.de""}",,"""name"": ""Aldo Cibin"""
 3666," ""email"": ""alexandre.serrano@yahoo.co.uk""}",,"""name"": ""Alexandre Serrano"""
 2066," ""email"": ""lori.fagotto@hill-anderson.com""}",,"""name"": ""Lori Fagotto"""
 1834," ""email"": ""perla.figueroa@live.com""}",,"""name"": ""Perla Figueroa"""
 5853," ""email"": ""reginald.hughes@gmail.com""}",,"""name"": ""Reginald Hughes"""
 2219," ""email"": ""uriel.holt@gmail.com""}",,"""name"": ""Uriel Holt"""
 4148," ""email"": ""stefano.lemonnier@binner.com""}",,"""name"": ""Stefano Lemonnier"""
 4477," ""email"": ""madeleine.cooper@poste.it""}",,"""name"": ""Madeleine Cooper"""
 1786," ""email"": ""alban.barbier@ortiz.org""}",,"""name"": ""Alban Barbier"""
 3455," ""email"": ""alfonso.finetti@quiroz.com""}",,"""name"": ""Alfonso Finetti"""
 5707," ""email"": ""ryan.kim@noos.fr""}",,"""name"": ""Ryan Kim"""
 5470," ""email"": ""augustin.wohlgemut@watson.info""}",,"""name"": ""Augustin Wohlgemut"""
 3274," ""email"": ""rolando.bibi@tin.it""}",,"""name"": ""Rolando Bibi"""
 4613," ""email"": ""berthold.randall@mcdonald.com""}",,"""name"": ""Berthold Randall"""
 4465," ""email"": ""genaro.briand@sfr.fr""}",,"""name"": ""Genaro Briand"""
 1652," ""email"": ""rudolf.jenkins@hotmail.com""}",,"""name"": ""Rudolf Jenkins"""
 2100," ""email"": ""pauline.ackermann@arredondo-roque.com""}",,"""name"": ""Pauline Ackermann"""
 4321," ""email"": ""folker.swanson@rodrigues.fr""}",,"""name"": ""Folker Swanson"""
 4168," ""email"": ""ashleigh.montez@perry-schneider.com""}",,"""name"": ""Ashleigh Montez"""
 3733," ""email"": ""liliana.barber@libero.it""}",,"""name"": ""Liliana Barber"""
 2594," ""email"": ""caridad.carr@huhn.com""}",,"""name"": ""Caridad Carr"""
 3909," ""email"": ""lolita.borrego@gmail.com""}",,"""name"": ""Lolita Borrego"""
 5179," ""email"": ""gunar.patrick@leroy.com""}",,"""name"": ""Gunar Patrick"""
 2228," ""email"": ""leokadia.verdier@hotmail.com.au""}",,"""name"": ""Leokadia Verdier"""
 6222," ""email"": ""hanna.reid@salas.org""}",,"""name"": ""Hanna Reid"""
 2354," ""email"": ""edelgard.kreusel@hotmail.com""}",,"""name"": ""Edelgard Kreusel"""
 1725," ""email"": ""svenja.perrin@berger.com""}",,"""name"": ""Svenja Perrin"""
 2960," ""email"": ""pierluigi.taccola@gmx.de""}",,"""name"": ""Pierluigi Taccola"""
 2077," ""email"": ""cilli.watts@yahoo.com""}",,"""name"": ""Cilli Watts"""
 5662," ""email"": ""emiliano.wells@gmx.de""}",,"""name"": ""Emiliano Wells"""
 3481," ""email"": ""april.davids@fisher.info""}",,"""name"": ""April Davids"""
 2565," ""email"": ""dolores.didier@yahoo.com.au""}",,"""name"": ""Dolores Didier"""
 4436," ""email"": ""sylvia.bonomo@poulain.com""}",,"""name"": ""Sylvia Bonomo"""
 5072," ""email"": ""nelly.marsh@hotmail.it""}",,"""name"": ""Nelly Marsh"""
 5200," ""email"": ""beth.miniati@hudson.net""}",,"""name"": ""Beth Miniati"""
 4502," ""email"": ""renee.merino@gmail.com""}",,"""name"": ""Renee Merino"""
 4945," ""email"": ""hailey.russell@jourdan.org""}",,"""name"": ""Hailey Russell"""
 3012," ""email"": ""raphaela.gotthard@outlook.com""}",,"""name"": ""Raphaela Gotthard"""
 6094," ""email"": ""pomponio.comencini@hotmail.co.uk""}",,"""name"": ""Pomponio Comencini"""
 3815," ""email"": ""leone.richardson@yahoo.com""}",,"""name"": ""Leone Richardson"""
 4838," ""email"": ""valentine.acosta@peters.net""}",,"""name"": ""Valentine Acosta"""
 3469," ""email"": ""ricciotti.laureano@parsons.com""}",,"""name"": ""Ricciotti Laureano"""
 4874," ""email"": ""jacques.heidrich@zamudio-chapa.com""}",,"""name"": ""Jacques Heidrich"""
 1792," ""email"": ""anne.snow@gmail.com""}",,"""name"": ""Anne Snow"""
 4356," ""email"": ""sonia.volta@gmx.de""}",,"""name"": ""Sonia Volta"""
 6196," ""email"": ""dale.leblanc@stewart.com""}",,"""name"": ""Dale Leblanc"""
 3578," ""email"": ""alejandro.cruz@hotmail.com""}",,"""name"": ""Alejandro Cruz"""
 4491," ""email"": ""elsa.cugia@yahoo.com""}",,"""name"": ""Elsa Cugia"""
 3054," ""email"": ""geronimo.pechel@hotmail.com""}",,"""name"": ""Geronimo Pechel"""
 1968," ""email"": ""melania.klemm@seidel.com""}",,"""name"": ""Melania Klemm"""
 5869," ""email"": ""katherine.cooley@yahoo.com""}",,"""name"": ""Katherine Cooley"""
 5858," ""email"": ""guillermo.larsen@yahoo.com""}",,"""name"": ""Guillermo Larsen"""
 5203," ""email"": ""jill.barrios@gmail.com""}",,"""name"": ""Jill Barrios"""
 2577," ""email"": ""austin.musatti@tin.it""}",,"""name"": ""Austin Musatti"""
 3216," ""email"": ""jacinto.rose@yahoo.com""}",,"""name"": ""Jacinto Rose"""
 2037," ""email"": ""lucie.redi@googlemail.com""}",,"""name"": ""Lucie Redi"""
 3867," ""email"": ""tania.chapman@remy.com""}",,"""name"": ""Tania Chapman"""
 5109," ""email"": ""alexandria.best@yahoo.co.uk""}",,"""name"": ""Alexandria Best"""
 1376," ""email"": ""edward.scott@yahoo.com""}",,"""name"": ""Edward Scott"""
 5260," ""email"": ""jake.wiley@outlook.com""}",,"""name"": ""Jake Wiley"""
 2350," ""email"": ""claudio.reuter@morgan-collins.org.au""}",,"""name"": ""Claudio Reuter"""
 2269," ""email"": ""laure.traetta@kay-perkins.co.uk""}",,"""name"": ""Laure Traetta"""
 3650," ""email"": ""magarete.valentin@yahoo.com""}",,"""name"": ""Magarete Valentin"""
 3934," ""email"": ""paige.hill@jones.org.au""}",,"""name"": ""Paige Hill"""
 4048," ""email"": ""fulvio.curiel@reynolds.com""}",,"""name"": ""Fulvio Curiel"""
 4266," ""email"": ""thibaut.camarillo@hotmail.com""}",,"""name"": ""Thibaut Camarillo"""
 3863," ""email"": ""romana.blanchard@googlemail.com""}",,"""name"": ""Romana Blanchard"""
 4922," ""email"": ""thibault.savorgnan@butler.biz""}",,"""name"": ""Thibault Savorgnan"""
 4517," ""email"": ""alexander.pausini@gonzalez.info""}",,"""name"": ""Alexander Pausini"""
 3259," ""email"": ""pierangelo.scholtz@lefevre.com""}",,"""name"": ""Pierangelo Scholtz"""
 3123," ""email"": ""emmanuelle.keller@morton-clarke.com""}",,"""name"": ""Emmanuelle Keller"""
 3870," ""email"": ""isabella.deleon@web.de""}",,"""name"": ""Isabella Deleon"""
 2996," ""email"": ""timothy.weitzel@gmail.com""}",,"""name"": ""Timothy Weitzel"""
 2993," ""email"": ""alfredo.ingram@hotmail.com""}",,"""name"": ""Alfredo Ingram"""
 4556," ""email"": ""francesca.kade@luna-rael.org""}",,"""name"": ""Francesca Kade"""
 2326," ""email"": ""tonia.coleman@hotmail.com""}",,"""name"": ""Tonia Coleman"""
 4109," ""email"": ""gottfried.barbe@hotmail.com""}",,"""name"": ""Gottfried Barbe"""
 5739," ""email"": ""jeffrey.trommler@yahoo.com""}",,"""name"": ""Jeffrey Trommler"""
 5887," ""email"": ""giacobbe.owens@huet.fr""}",,"""name"": ""Giacobbe Owens"""
 1651," ""email"": ""conchita.pagliaro@googlemail.com""}",,"""name"": ""Conchita Pagliaro"""
 1628," ""email"": ""kevin.delahaye@ellis-wilson.com""}",,"""name"": ""Kevin Delahaye"""
 2642," ""email"": ""rouven.ovadia@gmail.com""}",,"""name"": ""Rouven Ovadia"""
 6020," ""email"": ""piermaria.laporte@wesack.com""}",,"""name"": ""Piermaria Laporte"""
 4747," ""email"": ""karolin.johann@hotmail.com""}",,"""name"": ""Karolin Johann"""
 5534," ""email"": ""steven.folliero@noos.fr""}",,"""name"": ""Steven Folliero"""
 4790," ""email"": ""livio.rosselli@green.co.uk""}",,"""name"": ""Livio Rosselli"""
 4632," ""email"": ""gaetano.leonardi@despacho.com""}",,"""name"": ""Gaetano Leonardi"""
 1952," ""email"": ""cynthia.robinson@gilles.net""}",,"""name"": ""Cynthia Robinson"""
 4388," ""email"": ""eleni.aponte@club-internet.fr""}",,"""name"": ""Eleni Aponte"""
 5529," ""email"": ""noelia.romo@yahoo.com""}",,"""name"": ""Noelia Romo"""
 1316," ""email"": ""evelyn.haynes@clark.info""}",,"""name"": ""Evelyn Haynes"""
 1670," ""email"": ""katharine.zaccagnini@hotmail.com""}",,"""name"": ""Katharine Zaccagnini"""
 4909," ""email"": ""lea.merle@stey.de""}",,"""name"": ""Lea Merle"""
 3401," ""email"": ""marta.huynh@hernandez.info""}",,"""name"": ""Marta Huynh"""
 4619," ""email"": ""amador.riley@hotmail.com""}",,"""name"": ""Amador Riley"""
 4722," ""email"": ""julie.coles@hotmail.fr""}",,"""name"": ""Julie Coles"""
 2188," ""email"": ""beverley.telesio@regnier.fr""}",,"""name"": ""Beverley Telesio"""
 5497," ""email"": ""corinne.mitschke@hauffer.net""}",,"""name"": ""Corinne Mitschke"""
 5711," ""email"": ""valerie.ortega@tele2.it""}",,"""name"": ""Valerie Ortega"""
 4076," ""email"": ""carlos.delle@hicks.com""}",,"""name"": ""Carlos Delle"""
 1847," ""email"": ""christina.besnard@delorme.com""}",,"""name"": ""Christina Besnard"""
 2816," ""email"": ""rosario.jacques@yahoo.com""}",,"""name"": ""Rosario Jacques"""
 5019," ""email"": ""celal.fischer@aol.de""}",,"""name"": ""Celal Fischer"""
 4869," ""email"": ""leonardo.guzman@andreozzi-abba.com""}",,"""name"": ""Leonardo Guzman"""
 3613," ""email"": ""clinton.mason@yahoo.com""}",,"""name"": ""Clinton Mason"""
 3069," ""email"": ""loretta.mallet@sansoni-toscani.it""}",,"""name"": ""Loretta Mallet"""
 2601," ""email"": ""lorenzo.roero@hotmail.co.uk""}",,"""name"": ""Lorenzo Roero"""
 2133," ""email"": ""lando.gutierrez@heser.com""}",,"""name"": ""Lando Gutierrez"""
 3164," ""email"": ""elaine.patterson@rose-morris.org""}",,"""name"": ""Elaine Patterson"""
 3897," ""email"": ""marcella.govoni@barkholz.net""}",,"""name"": ""Marcella Govoni"""
 5663," ""email"": ""ettore.amaldi@germain.com""}",,"""name"": ""Ettore Amaldi"""
 3879," ""email"": ""rufino.gallegos@webster-newton.co.uk""}",,"""name"": ""Rufino Gallegos"""
 5900," ""email"": ""georges.richards@macdonald.com""}",,"""name"": ""Georges Richards"""
 2272," ""email"": ""janice.infantino@hotmail.com""}",,"""name"": ""Janice Infantino"""
 5436," ""email"": ""svetlana.montanariello@putz.de""}",,"""name"": ""Svetlana Montanariello"""
 3676," ""email"": ""agnolo.cedillo@laboratorios.biz""}",,"""name"": ""Agnolo Cedillo"""
 4676," ""email"": ""hannah.jockel@ceravolo-tonisto.eu""}",,"""name"": ""Hannah Jockel"""
 1563," ""email"": ""yvonne.stout@sims.edu""}",,"""name"": ""Yvonne Stout"""
 4349," ""email"": ""anouk.pace@gmail.com""}",,"""name"": ""Anouk Pace"""
 1658," ""email"": ""esteban.valdez@hotmail.com""}",,"""name"": ""Esteban Valdez"""
 2552," ""email"": ""angelina.davies@hotmail.com""}",,"""name"": ""Angelina Davies"""
 4847," ""email"": ""anastasie.cadena@live.com""}",,"""name"": ""Anastasie Cadena"""
 1553," ""email"": ""hansjoachim.lettiere@hall-mcdaniel.net""}",,"""name"": ""Hansjoachim Lettiere"""
 2632," ""email"": ""yeni.tejada@olson.edu.au""}",,"""name"": ""Yeni Tejada"""
 1908," ""email"": ""dulce.adinolfi@hotmail.com""}",,"""name"": ""Dulce Adinolfi"""
 5801," ""email"": ""sean.mielcarek@gmail.com""}",,"""name"": ""Sean Mielcarek"""
 1935," ""email"": ""omar.fonseca@grupo.org""}",,"""name"": ""Omar Fonseca"""
 2609," ""email"": ""henry.gucci@leleu.fr""}",,"""name"": ""Henry Gucci"""
 2740," ""email"": ""samira.bottaro@vasseur.fr""}",,"""name"": ""Samira Bottaro"""
 1907," ""email"": ""korinna.arnold@zapata-saenz.biz""}",,"""name"": ""Korinna Arnold"""
 1831," ""email"": ""marcela.ferrante@gmx.de""}",,"""name"": ""Marcela Ferrante"""
 5177," ""email"": ""douglas.amaya@favata-brenna.net""}",,"""name"": ""Douglas Amaya"""
 6179," ""email"": ""katherina.barrientos@trobbiani.eu""}",,"""name"": ""Katherina Barrientos"""
 2917," ""email"": ""brittany.tran@tele2.it""}",,"""name"": ""Brittany Tran"""
 1486," ""email"": ""caroline.reeves@yahoo.com""}",,"""name"": ""Caroline Reeves"""
 3735," ""email"": ""joe.michaud@yahoo.fr""}",,"""name"": ""Joe Michaud"""
 3838," ""email"": ""marco.vittadello@gmail.com""}",,"""name"": ""Marco Vittadello"""
 2430," ""email"": ""kim.webb@yahoo.com.au""}",,"""name"": ""Kim Webb"""
 2480," ""email"": ""eugenia.zichichi@yahoo.com""}",,"""name"": ""Eugenia Zichichi"""
 3431," ""email"": ""aurore.rosemann@leoncavallo-rusticucci.com""}",,"""name"": ""Aurore Rosemann"""
 1742," ""email"": ""giustino.luzi@rolland.fr""}",,"""name"": ""Giustino Luzi"""
 4628," ""email"": ""anita.galindo@gmail.com""}",,"""name"": ""Anita Galindo"""
 2385," ""email"": ""gunhild.carrillo@elliott-gilbert.org""}",,"""name"": ""Gunhild Carrillo"""
 2213," ""email"": ""rosa.paul@bien.com""}",,"""name"": ""Rosa Paul"""
 5188," ""email"": ""marliese.oneal@gmail.com""}",,"""name"": ""Marliese Oneal"""
 3418," ""email"": ""bethany.hartmann@yahoo.com""}",,"""name"": ""Bethany Hartmann"""
 5637," ""email"": ""irina.martineau@gmail.com""}",,"""name"": ""Irina Martineau"""
 3530," ""email"": ""beatriz.moulin@pinto.com""}",,"""name"": ""Beatriz Moulin"""
 3731," ""email"": ""lucas.austin@gmail.com""}",,"""name"": ""Lucas Austin"""
 3219," ""email"": ""carole.nohlmans@yahoo.com""}",,"""name"": ""Carole Nohlmans"""
 2392," ""email"": ""bozena.schmitt@vallet.com""}",,"""name"": ""Bozena Schmitt"""
 5103," ""email"": ""aimee.foconi@outlook.com""}",,"""name"": ""Aimee Foconi"""
 3992," ""email"": ""marzena.carrero@roskoth.de""}",,"""name"": ""Marzena Carrero"""
 2442," ""email"": ""raisa.poulain@fastwebnet.it""}",,"""name"": ""Raisa Poulain"""
 2913," ""email"": ""marcantonio.bennett@hopkins.com.au""}",,"""name"": ""Marcantonio Bennett"""
 1631," ""email"": ""kenneth.hurst@meunier.net""}",,"""name"": ""Kenneth Hurst"""
 4073," ""email"": ""marisela.mende@godoy-enriquez.com""}",,"""name"": ""Marisela Mende"""
 4568," ""email"": ""blanka.villareal@monduzzi.net""}",,"""name"": ""Blanka Villareal"""
 1830," ""email"": ""tomislav.stoppani@corporacin.org""}",,"""name"": ""Tomislav Stoppani"""
 2623," ""email"": ""krystal.ammaniti@barbier.fr""}",,"""name"": ""Krystal Ammaniti"""
 4327," ""email"": ""deanna.aporti@bouygtel.fr""}",,"""name"": ""Deanna Aporti"""
 3713," ""email"": ""donatella.burns@yahoo.de""}",,"""name"": ""Donatella Burns"""
 2389," ""email"": ""margrit.hooper@douglas.com""}",,"""name"": ""Margrit Hooper"""
 5141," ""email"": ""baccio.marcacci@laposte.net""}",,"""name"": ""Baccio Marcacci"""
 3522," ""email"": ""alfio.roman@hotmail.co.uk""}",,"""name"": ""Alfio Roman"""
 1334," ""email"": ""soledad.soto@hotmail.de""}",,"""name"": ""Soledad Soto"""
 4721," ""email"": ""josh.cimarosa@hotmail.com""}",,"""name"": ""Josh Cimarosa"""
 3768," ""email"": ""nath.rico@yahoo.com""}",,"""name"": ""Nath Rico"""
 1639," ""email"": ""gary.armani@web.de""}",,"""name"": ""Gary Armani"""
 5149," ""email"": ""miriam.oquendo@smith-watson.biz""}",,"""name"": ""Miriam Oquendo"""
 2153," ""email"": ""monica.mohaupt@live.com""}",,"""name"": ""Monica Mohaupt"""
 2767," ""email"": ""alec.ho@parra-esparza.com""}",,"""name"": ""Alec Ho"""
 5124," ""email"": ""harry.fouquet@ibarra-cooper.com""}",,"""name"": ""Harry Fouquet"""
 2097," ""email"": ""arcelia.babati@orange.fr""}",,"""name"": ""Arcelia Babati"""
 4796," ""email"": ""trinidad.vespa@gmail.com""}",,"""name"": ""Trinidad Vespa"""
 5849," ""email"": ""colette.ryan@hotmail.com""}",,"""name"": ""Colette Ryan"""
 1495," ""email"": ""richard.andre@porras.org""}",,"""name"": ""Richard Andre"""
 2462," ""email"": ""ellinor.leclercq@gmail.com""}",,"""name"": ""Ellinor Leclercq"""
 2280," ""email"": ""patricio.guillon@web.de""}",,"""name"": ""Patricio Guillon"""
 1877," ""email"": ""kirsten.chindamo@carrillo-wall.com""}",,"""name"": ""Kirsten Chindamo"""
 6108," ""email"": ""leo.petruzzi@yahoo.com""}",,"""name"": ""Leo Petruzzi"""
 4427," ""email"": ""margot.tomaselli@junck.org""}",,"""name"": ""Margot Tomaselli"""
 2881," ""email"": ""ansaldo.marks@patel-odonnell.com""}",,"""name"": ""Ansaldo Marks"""
 2339," ""email"": ""regina.morin@barcaccia.net""}",,"""name"": ""Regina Morin"""
 5156," ""email"": ""karla.medici@yahoo.com""}",,"""name"": ""Karla Medici"""
 4750," ""email"": ""morgan.irizarry@williams-harris.biz""}",,"""name"": ""Morgan Irizarry"""
 4852," ""email"": ""natividad.wong@hoevel.com""}",,"""name"": ""Natividad Wong"""
 5734," ""email"": ""anna.freeman@snyder.net""}",,"""name"": ""Anna Freeman"""
 3801," ""email"": ""emilia.vivaldi@garnier.fr""}",,"""name"": ""Emilia Vivaldi"""
 4474," ""email"": ""gerda.cook@tin.it""}",,"""name"": ""Gerda Cook"""
 1992," ""email"": ""andrey.faure@frederick-mitchell.info""}",,"""name"": ""Andrey Faure"""
 5796," ""email"": ""charlotte.duke@ochoa.org""}",,"""name"": ""Charlotte Duke"""
 1373," ""email"": ""cindy.castillo@virgilio.it""}",,"""name"": ""Cindy Castillo"""
 1879," ""email"": ""hiltrud.thibault@barbe.com""}",,"""name"": ""Hiltrud Thibault"""
 3072," ""email"": ""kasimir.jaime@gmail.com""}",,"""name"": ""Kasimir Jaime"""
 4561," ""email"": ""sabine.lachmann@phillips.org""}",,"""name"": ""Sabine Lachmann"""
 5201," ""email"": ""andrea.arroyo@yahoo.com.au""}",,"""name"": ""Andrea Arroyo"""
 5871," ""email"": ""matthew.velasquez@gmail.com""}",,"""name"": ""Matthew Velasquez"""
 3041," ""email"": ""severino.linares@angeli.com""}",,"""name"": ""Severino Linares"""
 5864," ""email"": ""swantje.lomeli@gmx.de""}",,"""name"": ""Swantje Lomeli"""
 3999," ""email"": ""marcus.espino@comolli.eu""}",,"""name"": ""Marcus Espino"""
 4849," ""email"": ""allen.gates@gmail.com""}",,"""name"": ""Allen Gates"""
 5461," ""email"": ""mauricio.saunders@hotmail.co.uk""}",,"""name"": ""Mauricio Saunders"""
 5946," ""email"": ""gilbert.cornejo@hotmail.com""}",,"""name"": ""Gilbert Cornejo"""
 4508," ""email"": ""letizia.gulotta@howard.biz""}",,"""name"": ""Letizia Gulotta"""
 5096," ""email"": ""etta.gutknecht@leconte.net""}",,"""name"": ""Etta Gutknecht"""
 5443," ""email"": ""shelley.perry@gierschner.de""}",,"""name"": ""Shelley Perry"""
 2165," ""email"": ""geoffrey.williams@poste.it""}",,"""name"": ""Geoffrey Williams"""
 2125," ""email"": ""cory.stewart@voila.fr""}",,"""name"": ""Cory Stewart"""
 6141," ""email"": ""kristy.bartlett@outlook.com""}",,"""name"": ""Kristy Bartlett"""
 5245," ""email"": ""gianluca.beck@green.biz""}",,"""name"": ""Gianluca Beck"""
 2190," ""email"": ""guido.krein@gmail.com""}",,"""name"": ""Guido Krein"""
 2243," ""email"": ""leif.monnier@querini.it""}",,"""name"": ""Leif Monnier"""
 3336," ""email"": ""jonas.badoer@kennedy.biz""}",,"""name"": ""Jonas Badoer"""
 3305," ""email"": ""devin.ebert@yahoo.fr""}",,"""name"": ""Devin Ebert"""
 6191," ""email"": ""slobodan.camiscione@hotmail.com""}",,"""name"": ""Slobodan Camiscione"""
 1326," ""email"": ""volkmar.gauthier@hotmail.com""}",,"""name"": ""Volkmar Gauthier"""
 6159," ""email"": ""jordan.rowe@outlook.com""}",,"""name"": ""Jordan Rowe"""
 2003," ""email"": ""manon.daugherty@segre.com""}",,"""name"": ""Manon Daugherty"""
 5881," ""email"": ""estela.segovia@vodafone.it""}",,"""name"": ""Estela Segovia"""
 1918," ""email"": ""giada.celentano@evans.net""}",,"""name"": ""Giada Celentano"""
 2157," ""email"": ""clayton.salcedo@hotmail.co.uk""}",,"""name"": ""Clayton Salcedo"""
 3149," ""email"": ""raven.pinto@hotmail.com""}",,"""name"": ""Raven Pinto"""
 2444," ""email"": ""lewis.lewis@pisano.net""}",,"""name"": ""Lewis Lewis"""
 6207," ""email"": ""rochus.rousseau@nguyen.com""}",,"""name"": ""Rochus Rousseau"""
 5580," ""email"": ""belinda.gamez@leleu.com""}",,"""name"": ""Belinda Gamez"""
 5942," ""email"": ""angelo.lozano@macias.com""}",,"""name"": ""Angelo Lozano"""
 1592," ""email"": ""jorge.monti@clement.fr""}",,"""name"": ""Jorge Monti"""
 2344," ""email"": ""ricky.harrell@martin.edu""}",,"""name"": ""Ricky Harrell"""
 5995," ""email"": ""adriano.wulf@schmidtke.net""}",,"""name"": ""Adriano Wulf"""
 5022," ""email"": ""pompeo.bourdon@gmail.com""}",,"""name"": ""Pompeo Bourdon"""
 5991," ""email"": ""kristie.garrett@wernecke.com""}",,"""name"": ""Kristie Garrett"""
 4020," ""email"": ""lodovico.conley@yahoo.com""}",,"""name"": ""Lodovico Conley"""
 6028," ""email"": ""jean.berthelot@oscuro.it""}",,"""name"": ""Jean Berthelot"""
 2790," ""email"": ""tadeusz.medina@jackson-clark.net""}",,"""name"": ""Tadeusz Medina"""
 4033," ""email"": ""ruby.carriera@hotmail.it""}",,"""name"": ""Ruby Carriera"""
 1261," ""email"": ""theres.antonioni@hotmail.com""}",,"""name"": ""Theres Antonioni"""
 1979," ""email"": ""gloria.morton@outlook.com""}",,"""name"": ""Gloria Morton"""
 2122," ""email"": ""graziano.jensen@gmail.com""}",,"""name"": ""Graziano Jensen"""
 4506," ""email"": ""gianpaolo.massey@bouvier.com""}",,"""name"": ""Gianpaolo Massey"""
 3016," ""email"": ""alain.farmer@hotmail.it""}",,"""name"": ""Alain Farmer"""
 3272," ""email"": ""renato.murillo@club.com""}",,"""name"": ""Renato Murillo"""
 1375," ""email"": ""edda.ferraris@libero.it""}",,"""name"": ""Edda Ferraris"""
 4014," ""email"": ""luce.marty@waehner.org""}",,"""name"": ""Luce Marty"""
 3199," ""email"": ""rotraud.mitchell@laboratorios.com""}",,"""name"": ""Rotraud Mitchell"""
 2184," ""email"": ""israel.watkins@hotmail.com""}",,"""name"": ""Israel Watkins"""
 2170," ""email"": ""nathan.jennings@kim.com""}",,"""name"": ""Nathan Jennings"""
 1478," ""email"": ""gavin.proietti@gmx.de""}",,"""name"": ""Gavin Proietti"""
 6163," ""email"": ""emma.rios@yahoo.com.au""}",,"""name"": ""Emma Rios"""
 1889," ""email"": ""todd.douglas@web.de""}",,"""name"": ""Todd Douglas"""
 5912," ""email"": ""oscar.holsten@yahoo.com""}",,"""name"": ""Oscar Holsten"""
 2537," ""email"": ""ann.peron@grupo.biz""}",,"""name"": ""Ann Peron"""
 2118," ""email"": ""senta.grassi@hotmail.com""}",,"""name"": ""Senta Grassi"""
 3234," ""email"": ""kata.mena@gmail.com""}",,"""name"": ""Kata Mena"""
 3842," ""email"": ""gianfranco.hethur@stewart-lee.com.au""}",,"""name"": ""Gianfranco Hethur"""
 3032," ""email"": ""florentine.saraceno@gmail.com""}",,"""name"": ""Florentine Saraceno"""
 3238," ""email"": ""giuliano.bolzmann@pacillo.it""}",,"""name"": ""Giuliano Bolzmann"""
 2059," ""email"": ""alwine.kostolzin@holloway.com""}",,"""name"": ""Alwine Kostolzin"""
 5238," ""email"": ""giacinto.briggs@yahoo.co.uk""}",,"""name"": ""Giacinto Briggs"""
 2578," ""email"": ""holly.negrete@hotmail.com""}",,"""name"": ""Holly Negrete"""
 4789," ""email"": ""mark.trapanese@gmail.com""}",,"""name"": ""Mark Trapanese"""
 2357," ""email"": ""alyssa.brun@chittolini-spadafora.it""}",,"""name"": ""Alyssa Brun"""
 1235," ""email"": ""cristina.chevalier@proyectos.com""}",,"""name"": ""Cristina Chevalier"""
 3558," ""email"": ""shannon.lefevre@gmail.com""}",,"""name"": ""Shannon Lefevre"""
 1707," ""email"": ""logan.hornich@tin.it""}",,"""name"": ""Logan Hornich"""
 2842," ""email"": ""rosalia.toro@free.fr""}",,"""name"": ""Rosalia Toro"""
 5318," ""email"": ""reiner.poerio@yahoo.com""}",,"""name"": ""Reiner Poerio"""
 1620," ""email"": ""valentina.pages@hotmail.de""}",,"""name"": ""Valentina Pages"""
 4998," ""email"": ""enrico.fabre@gmail.com""}",,"""name"": ""Enrico Fabre"""
 3111," ""email"": ""sevim.begue@yahoo.com.au""}",,"""name"": ""Sevim Begue"""
 1424," ""email"": ""sonja.patberg@hotmail.com""}",,"""name"": ""Sonja Patberg"""
 3244," ""email"": ""christine.hiller@yahoo.com""}",,"""name"": ""Christine Hiller"""
 4643," ""email"": ""maik.beasley@harper-brooks.biz""}",,"""name"": ""Maik Beasley"""
 6132," ""email"": ""elliot.santana@gmx.de""}",,"""name"": ""Elliot Santana"""
 3790," ""email"": ""eloy.renzi@gmail.com""}",,"""name"": ""Eloy Renzi"""
 1312," ""email"": ""wolf.lutz@nichols-jackson.com.au""}",,"""name"": ""Wolf Lutz"""
 5686," ""email"": ""giuseppe.lee@mahe.org""}",,"""name"": ""Giuseppe Lee"""
 2111," ""email"": ""angelica.cuellar@zaguri-bellucci.net""}",,"""name"": ""Angelica Cuellar"""
 5685," ""email"": ""bekir.normand@yahoo.de""}",,"""name"": ""Bekir Normand"""
 1905," ""email"": ""carmine.gonzales@schleich.net""}",,"""name"": ""Carmine Gonzales"""
 3271," ""email"": ""marianne.hubert@hotmail.com""}",,"""name"": ""Marianne Hubert"""
 4178," ""email"": ""gonzalo.montes@hotmail.com""}",,"""name"": ""Gonzalo Montes"""
 3275," ""email"": ""shelly.guichard@gmail.com""}",,"""name"": ""Shelly Guichard"""
 5713," ""email"": ""tobias.carbajal@live.com""}",,"""name"": ""Tobias Carbajal"""
 3339," ""email"": ""santiago.berry@aol.de""}",,"""name"": ""Santiago Berry"""
 5585," ""email"": ""emilio.davenport@zamora-russo.net""}",,"""name"": ""Emilio Davenport"""
 4407," ""email"": ""maurizio.gute@knight.info""}",,"""name"": ""Maurizio Gute"""
 1941," ""email"": ""nadia.travaglio@colletti-broggini.com""}",,"""name"": ""Nadia Travaglio"""
 4690," ""email"": ""elisa.barkholz@sfr.fr""}",,"""name"": ""Elisa Barkholz"""
 3607," ""email"": ""cristal.mazzini@gmail.com""}",,"""name"": ""Cristal Mazzini"""
 2670," ""email"": ""trevor.granados@gmail.com""}",,"""name"": ""Trevor Granados"""
 5261," ""email"": ""matthieu.mcdonald@morrison.org""}",,"""name"": ""Matthieu Mcdonald"""
 4121," ""email"": ""juliette.preston@gmail.com""}",,"""name"": ""Juliette Preston"""
 4620," ""email"": ""stanislaw.montalvo@mcpherson-hughes.info""}",,"""name"": ""Stanislaw Montalvo"""
 4630," ""email"": ""lilia.lollobrigida@le.com""}",,"""name"": ""Lilia Lollobrigida"""
 3440," ""email"": ""brigitta.shaw@hotmail.co.uk""}",,"""name"": ""Brigitta Shaw"""
 3572," ""email"": ""rebeca.frey@gerard.fr""}",,"""name"": ""Rebeca Frey"""
 5306," ""email"": ""nicolas.palacios@meraz.com""}",,"""name"": ""Nicolas Palacios"""
 5122," ""email"": ""susanna.bonneau@klingelhoefer.de""}",,"""name"": ""Susanna Bonneau"""
 1368," ""email"": ""romina.valentine@hotmail.com""}",,"""name"": ""Romina Valentine"""
 5370," ""email"": ""erika.toussaint@sfr.fr""}",,"""name"": ""Erika Toussaint"""
 5636," ""email"": ""lothar.laurent@garcia.com.au""}",,"""name"": ""Lothar Laurent"""
 6033," ""email"": ""chelsea.verdugo@campbell.com""}",,"""name"": ""Chelsea Verdugo"""
 3599," ""email"": ""ria.venier@murillo-estevez.com""}",,"""name"": ""Ria Venier"""
 5566," ""email"": ""carly.summers@yahoo.co.uk""}",,"""name"": ""Carly Summers"""
 1873," ""email"": ""pasquale.tomasini@hotmail.co.uk""}",,"""name"": ""Pasquale Tomasini"""
 3904," ""email"": ""stefani.ughi@hotmail.it""}",,"""name"": ""Stefani Ughi"""
 4453," ""email"": ""jose.huang@gmx.de""}",,"""name"": ""Jose Huang"""
 5481," ""email"": ""petros.gaona@googlemail.com""}",,"""name"": ""Petros Gaona"""
 2987," ""email"": ""maximilian.siering@gaito-fornaciari.org""}",,"""name"": ""Maximilian Siering"""
 2431," ""email"": ""ermenegildo.holzapfel@aol.de""}",,"""name"": ""Ermenegildo Holzapfel"""
 4158," ""email"": ""damien.leger@dixon.biz""}",,"""name"": ""Damien Leger"""
 3753," ""email"": ""zeferino.barrera@zedillo-velazquez.com""}",,"""name"": ""Zeferino Barrera"""
 4391," ""email"": ""alfred.pohl@fechner.net""}",,"""name"": ""Alfred Pohl"""
 2026," ""email"": ""marissa.gaito@reed-campbell.edu""}",,"""name"": ""Marissa Gaito"""
 4547," ""email"": ""ariana.houston@hotmail.it""}",,"""name"": ""Ariana Houston"""
 2798," ""email"": ""victor.jacobs@young.com""}",,"""name"": ""Victor Jacobs"""
 4732," ""email"": ""henriette.lang@mimun.it""}",,"""name"": ""Henriette Lang"""
 5126," ""email"": ""wilfriede.baca@caraballo.com""}",,"""name"": ""Wilfriede Baca"""
 5151," ""email"": ""lucia.riviere@samaniego.biz""}",,"""name"": ""Lucia Riviere"""
 2134," ""email"": ""gordon.vigorelli@solano.com""}",,"""name"": ""Gordon Vigorelli"""
 5786," ""email"": ""diethard.salgado@gmail.com""}",,"""name"": ""Diethard Salgado"""
 5515," ""email"": ""sue.corrales@cardenas-serna.org""}",,"""name"": ""Sue Corrales"""
 4530," ""email"": ""arthur.salazar@yahoo.com.au""}",,"""name"": ""Arthur Salazar"""
 4088," ""email"": ""fortunata.schneider@tiscali.it""}",,"""name"": ""Fortunata Schneider"""
 3667," ""email"": ""gretchen.serna@pichon.org""}",,"""name"": ""Gretchen Serna"""
 3286," ""email"": ""egon.caron@hotmail.com""}",,"""name"": ""Egon Caron"""
 4804," ""email"": ""roberta.finzi@knight-davies.co.uk""}",,"""name"": ""Roberta Finzi"""
 5768," ""email"": ""editha.savage@davies.co.uk""}",,"""name"": ""Editha Savage"""
 6098," ""email"": ""allan.emanuelli@fernandes.org""}",,"""name"": ""Allan Emanuelli"""
 2508," ""email"": ""laurence.lucero@martin.org""}",,"""name"": ""Laurence Lucero"""
 5779," ""email"": ""istvan.draghi@ifrance.com""}",,"""name"": ""Istvan Draghi"""
 1717," ""email"": ""luigi.bonnet@carriera-federico.it""}",,"""name"": ""Luigi Bonnet"""
 3368," ""email"": ""yuridia.fantozzi@mcdonald.com""}",,"""name"": ""Yuridia Fantozzi"""
 4265," ""email"": ""eraldo.schmiedt@hotmail.de""}",,"""name"": ""Eraldo Schmiedt"""
 4455," ""email"": ""antoinette.cox@bustamante.com""}",,"""name"": ""Antoinette Cox"""
 2940," ""email"": ""cameron.ocampo@hotmail.com.au""}",,"""name"": ""Cameron Ocampo"""
 6144," ""email"": ""lynn.lawson@leclercq.com""}",,"""name"": ""Lynn Lawson"""
 3657," ""email"": ""natalia.seifert@ifrance.com""}",,"""name"": ""Natalia Seifert"""
 1537," ""email"": ""nuray.anguillara@yahoo.co.uk""}",,"""name"": ""Nuray Anguillara"""
 2116," ""email"": ""beate.morgan@gmail.com""}",,"""name"": ""Beate Morgan"""
 5102," ""email"": ""mario.rees@gmx.de""}",,"""name"": ""Mario Rees"""
 5815," ""email"": ""galasso.junken@yahoo.co.uk""}",,"""name"": ""Galasso Junken"""
 4250," ""email"": ""luca.moses@franke.de""}",,"""name"": ""Luca Moses"""
 4533," ""email"": ""aurelio.gertz@hewitt.net""}",,"""name"": ""Aurelio Gertz"""
 3329," ""email"": ""uberto.steele@outlook.com""}",,"""name"": ""Uberto Steele"""
 3606," ""email"": ""annie.hunter@allen.co.uk""}",,"""name"": ""Annie Hunter"""
 4749," ""email"": ""jo.mccarty@hotmail.com""}",,"""name"": ""Jo Mccarty"""
 2222," ""email"": ""eitel.lombard@thomas.net""}",,"""name"": ""Eitel Lombard"""
 1939," ""email"": ""susan.vigliotti@yahoo.co.uk""}",,"""name"": ""Susan Vigliotti"""
 2456," ""email"": ""jacqueline.germano@valette.fr""}",,"""name"": ""Jacqueline Germano"""
 2794," ""email"": ""fidel.ruppert@yahoo.co.uk""}",,"""name"": ""Fidel Ruppert"""
 2648," ""email"": ""margaret.eigenwillig@yahoo.com""}",,"""name"": ""Margaret Eigenwillig"""
 2545," ""email"": ""yvette.harding@yahoo.co.uk""}",,"""name"": ""Yvette Harding"""
 3273," ""email"": ""federigo.karge@bohlander.com""}",,"""name"": ""Federigo Karge"""
 6155," ""email"": ""guenther.armenta@free.fr""}",,"""name"": ""Guenther Armenta"""
 6064," ""email"": ""coriolano.higgins@murphy.org.au""}",,"""name"": ""Coriolano Higgins"""
 1729," ""email"": ""felix.rubio@ebert.de""}",,"""name"": ""Felix Rubio"""
 4969," ""email"": ""melanie.leveque@fleury.net""}",,"""name"": ""Melanie Leveque"""
 3402," ""email"": ""abbie.galeati@ubaldi.it""}",,"""name"": ""Abbie Galeati"""
 2810," ""email"": ""vittorio.caccioppoli@yahoo.com""}",,"""name"": ""Vittorio Caccioppoli"""
 2217," ""email"": ""biagio.valenzuela@robinson.info""}",,"""name"": ""Biagio Valenzuela"""
 5140," ""email"": ""dario.green@live.com""}",,"""name"": ""Dario Green"""
 4497," ""email"": ""alwina.textor@poste.it""}",,"""name"": ""Alwina Textor"""
 5100," ""email"": ""diether.baeza@grupo.biz""}",,"""name"": ""Diether Baeza"""
 3390," ""email"": ""sole.trevino@hotmail.com""}",,"""name"": ""Sole Trevino"""
 1926," ""email"": ""darren.bernardi@brooks-martin.com""}",,"""name"": ""Darren Bernardi"""
 3264," ""email"": ""martina.heser@morellato.it""}",,"""name"": ""Martina Heser"""
 2573," ""email"": ""bethan.giacometti@gmail.com""}",,"""name"": ""Bethan Giacometti"""
 3628," ""email"": ""ethan.duhamel@sfr.fr""}",,"""name"": ""Ethan Duhamel"""
 3826," ""email"": ""corrado.warren@hotmail.com.au""}",,"""name"": ""Corrado Warren"""
 5983," ""email"": ""damian.pulido@yahoo.de""}",,"""name"": ""Damian Pulido"""
 5678," ""email"": ""dino.osborne@despacho.com""}",,"""name"": ""Dino Osborne"""
 2093," ""email"": ""nicolaus.bernetti@aol.de""}",,"""name"": ""Nicolaus Bernetti"""
 5333," ""email"": ""gianna.carroll@perez.com""}",,"""name"": ""Gianna Carroll"""
 5139," ""email"": ""grit.knight@web.de""}",,"""name"": ""Grit Knight"""
 3173," ""email"": ""erin.weinhold@hotmail.fr""}",,"""name"": ""Erin Weinhold"""
 3333," ""email"": ""craig.jordan@gmail.com""}",,"""name"": ""Craig Jordan"""
 2262," ""email"": ""homero.respighi@gmail.com""}",,"""name"": ""Homero Respighi"""
 1531," ""email"": ""fanny.pertile@gmail.com""}",,"""name"": ""Fanny Pertile"""
 4881," ""email"": ""fridolin.comboni@graf.com""}",,"""name"": ""Fridolin Comboni"""
 3928," ""email"": ""hugh.cantu@libero.it""}",,"""name"": ""Hugh Cantu"""
 1803," ""email"": ""alphons.simmons@hotmail.com""}",,"""name"": ""Alphons Simmons"""
 2321," ""email"": ""ludovico.cafarchia@gmail.com""}",,"""name"": ""Ludovico Cafarchia"""
 6234," ""email"": ""nico.kaiser@almonte.com""}",,"""name"": ""Nico Kaiser"""
 1422," ""email"": ""kirsty.lamy@alonzi.it""}",,"""name"": ""Kirsty Lamy"""
 2660," ""email"": ""joshua.scheibe@turci.org""}",,"""name"": ""Joshua Scheibe"""
 5361," ""email"": ""carin.pineau@yahoo.com""}",,"""name"": ""Carin Pineau"""
 3420," ""email"": ""ellie.galarza@pareto-cattaneo.net""}",,"""name"": ""Ellie Galarza"""
 4337," ""email"": ""marion.lira@ifrance.com""}",,"""name"": ""Marion Lira"""
 2338," ""email"": ""aurelia.angiolello@lord.com""}",,"""name"": ""Aurelia Angiolello"""
 4140," ""email"": ""maura.ravaglioli@yahoo.com""}",,"""name"": ""Maura Ravaglioli"""
 2373," ""email"": ""brunhilde.fletcher@schomber.de""}",,"""name"": ""Brunhilde Fletcher"""
 1344," ""email"": ""ottfried.marques@tyler-watson.info""}",,"""name"": ""Ottfried Marques"""
 2141," ""email"": ""christelle.blasi@morris-chan.com""}",,"""name"": ""Christelle Blasi"""
 3415," ""email"": ""augusto.vercelloni@club-internet.fr""}",,"""name"": ""Augusto Vercelloni"""
 5696," ""email"": ""michela.pruvost@holt.co.uk""}",,"""name"": ""Michela Pruvost"""
 1798," ""email"": ""guarino.escalante@hotmail.com""}",,"""name"": ""Guarino Escalante"""
 1657," ""email"": ""gabriela.padilla@pearson-russell.com""}",,"""name"": ""Gabriela Padilla"""
 3651," ""email"": ""agathe.dias@jackson.com""}",,"""name"": ""Agathe Dias"""
 3574," ""email"": ""werner.kallert@gmail.com""}",,"""name"": ""Werner Kallert"""
 6063," ""email"": ""lore.delaunay@yahoo.com""}",,"""name"": ""Lore Delaunay"""
 2404," ""email"": ""enzio.campos@tim.it""}",,"""name"": ""Enzio Campos"""
 2705," ""email"": ""walther.duarte@web.de""}",,"""name"": ""Walther Duarte"""
 5059," ""email"": ""adelgunde.trevisan@gmail.com""}",,"""name"": ""Adelgunde Trevisan"""
 5466," ""email"": ""thierry.schwartz@travaglio.net""}",,"""name"": ""Thierry Schwartz"""
 5821," ""email"": ""katie.andersen@haney.com.au""}",,"""name"": ""Katie Andersen"""
 5385," ""email"": ""kathy.zamorani@hotmail.com""}",,"""name"": ""Kathy Zamorani"""
 3506," ""email"": ""giuseppina.tanguy@wanadoo.fr""}",,"""name"": ""Giuseppina Tanguy"""
 5427," ""email"": ""jack.klapp@hotmail.com.au""}",,"""name"": ""Jack Klapp"""
 6142," ""email"": ""tom.leconte@woods-johnson.com""}",,"""name"": ""Tom Leconte"""
 2873," ""email"": ""bonnie.cignaroli@yahoo.com""}",,"""name"": ""Bonnie Cignaroli"""
 3916," ""email"": ""danny.farrell@hotmail.com""}",,"""name"": ""Danny Farrell"""
 1687," ""email"": ""fiorenzo.bauer@gmail.com""}",,"""name"": ""Fiorenzo Bauer"""
 1542," ""email"": ""randy.alfieri@verri.org""}",,"""name"": ""Randy Alfieri"""
 3087," ""email"": ""tim.bradley@schlosser.de""}",,"""name"": ""Tim Bradley"""
 3857," ""email"": ""yves.mendez@gmail.com""}",,"""name"": ""Yves Mendez"""
 5921," ""email"": ""raffaella.esquivel@gmail.com""}",,"""name"": ""Raffaella Esquivel"""
 3144," ""email"": ""lawrence.vasari@castillo.edu""}",,"""name"": ""Lawrence Vasari"""
 2676," ""email"": ""sam.adams@yahoo.com""}",,"""name"": ""Sam Adams"""
 3646," ""email"": ""mirco.nicolini@blin.net""}",,"""name"": ""Mirco Nicolini"""
 1321," ""email"": ""graham.bajardi@yahoo.com""}",,"""name"": ""Graham Bajardi"""
 1399," ""email"": ""luc.quinn@walker.com""}",,"""name"": ""Luc Quinn"""
 3169," ""email"": ""stella.ullrich@hotmail.com.au""}",,"""name"": ""Stella Ullrich"""
 2058," ""email"": ""calcedonio.remy@edwards-benton.com""}",,"""name"": ""Calcedonio Remy"""
 1300," ""email"": ""nanni.almaraz@martin.com""}",,"""name"": ""Nanni Almaraz"""
 2075," ""email"": ""pascual.corradi@lopez.net.au""}",,"""name"": ""Pascual Corradi"""
 2984," ""email"": ""kristi.grant@yahoo.co.uk""}",,"""name"": ""Kristi Grant"""
 4768," ""email"": ""manuel.gracia@trussardi.eu""}",,"""name"": ""Manuel Gracia"""
 3682," ""email"": ""gionata.hussain@yahoo.com""}",,"""name"": ""Gionata Hussain"""
 5901," ""email"": ""maria.nguyen@hernadez.com""}",,"""name"": ""Maria Nguyen"""
 3540," ""email"": ""leon.baker@hotmail.com""}",,"""name"": ""Leon Baker"""
 2225," ""email"": ""gianmarco.alcaraz@zacchia.net""}",,"""name"": ""Gianmarco Alcaraz"""
 1485," ""email"": ""derrick.little@small.org""}",,"""name"": ""Derrick Little"""
 5343," ""email"": ""terry.ramirez@hotmail.co.uk""}",,"""name"": ""Terry Ramirez"""
 5594," ""email"": ""katarina.clarke@hotmail.com.au""}",,"""name"": ""Katarina Clarke"""
 2482," ""email"": ""leila.washington@gmail.com""}",,"""name"": ""Leila Washington"""
 2706," ""email"": ""mirko.townsend@schmitt.com""}",,"""name"": ""Mirko Townsend"""
 4861," ""email"": ""randall.connolly@jovinelli-castelli.com""}",,"""name"": ""Randall Connolly"""
 2961," ""email"": ""pia.burgess@proyectos.org""}",,"""name"": ""Pia Burgess"""
 3043," ""email"": ""justine.mancini@tiscali.it""}",,"""name"": ""Justine Mancini"""
 6103," ""email"": ""reynaldo.wagenknecht@faure.com""}",,"""name"": ""Reynaldo Wagenknecht"""
 4708," ""email"": ""toni.magrassi@gmail.com""}",,"""name"": ""Toni Magrassi"""
 4395," ""email"": ""patrizio.cisneros@martinez.edu.au""}",,"""name"": ""Patrizio Cisneros"""
 4912," ""email"": ""durante.lindner@picard.fr""}",,"""name"": ""Durante Lindner"""
 2030," ""email"": ""rosl.lamborghini@hiller.net""}",,"""name"": ""Rosl Lamborghini"""
 5235," ""email"": ""ugo.harrison@morley-chapman.co.uk""}",,"""name"": ""Ugo Harrison"""
 5001," ""email"": ""isidor.carpenter@chauvin.com""}",,"""name"": ""Isidor Carpenter"""
 4093," ""email"": ""marie.zoppetto@kallert.de""}",,"""name"": ""Marie Zoppetto"""
 2576," ""email"": ""branko.chambers@ifrance.com""}",,"""name"": ""Branko Chambers"""
 6122," ""email"": ""alan.pineda@proyectos.info""}",,"""name"": ""Alan Pineda"""
 2813," ""email"": ""carmen.oestrovsky@gmail.com""}",,"""name"": ""Carmen Oestrovsky"""
 3737," ""email"": ""shane.fernandez@hotmail.de""}",,"""name"": ""Shane Fernandez"""
 2803," ""email"": ""debbie.guilbert@berg.edu""}",,"""name"": ""Debbie Guilbert"""
 5508," ""email"": ""vito.dossi@hotmail.co.uk""}",,"""name"": ""Vito Dossi"""
 3850," ""email"": ""evan.schacht@price.com""}",,"""name"": ""Evan Schacht"""
 4220," ""email"": ""mandy.weston@free.fr""}",,"""name"": ""Mandy Weston"""
 4532," ""email"": ""paulo.zito@nelson.biz""}",,"""name"": ""Paulo Zito"""
 6013," ""email"": ""alberto.girschner@laboratorios.com""}",,"""name"": ""Alberto Girschner"""
 3396," ""email"": ""giacomo.bouvet@gmail.com""}",,"""name"": ""Giacomo Bouvet"""
 4401," ""email"": ""ehrentraud.puga@laboratorios.com""}",,"""name"": ""Ehrentraud Puga"""
 2981," ""email"": ""cristian.hale@hotmail.co.uk""}",,"""name"": ""Cristian Hale"""
 4467," ""email"": ""lilija.charles@gmail.com""}",,"""name"": ""Lilija Charles"""
 1377," ""email"": ""albert.legendre@lee.com""}",,"""name"": ""Albert Legendre"""
 5036," ""email"": ""marisa.renaud@smith.org""}",,"""name"": ""Marisa Renaud"""
 5761," ""email"": ""sharon.diallo@gmail.com""}",,"""name"": ""Sharon Diallo"""
 3699," ""email"": ""eduardo.delattre@lynch.net.au""}",,"""name"": ""Eduardo Delattre"""
 4519," ""email"": ""bernadette.wang@gmail.com""}",,"""name"": ""Bernadette Wang"""
 5395," ""email"": ""dina.gibbons@brewer.net""}",,"""name"": ""Dina Gibbons"""
 3057," ""email"": ""clara.armstrong@vodafone.it""}",,"""name"": ""Clara Armstrong"""
 2741," ""email"": ""elliott.herrmann@hotmail.com.au""}",,"""name"": ""Elliott Herrmann"""
 1675," ""email"": ""graziella.vidal@hotmail.com""}",,"""name"": ""Graziella Vidal"""
 2712," ""email"": ""francisca.becerra@young.com.au""}",,"""name"": ""Francisca Becerra"""
 4527," ""email"": ""edeltrud.boyer@outlook.com""}",,"""name"": ""Edeltrud Boyer"""
 1722," ""email"": ""julian.noble@hill.org.au""}",,"""name"": ""Julian Noble"""
 4330," ""email"": ""christophe.bohnbach@ifrance.com""}",,"""name"": ""Christophe Bohnbach"""
 5219," ""email"": ""ippazio.angulo@yahoo.com""}",,"""name"": ""Ippazio Angulo"""
 4997," ""email"": ""grace.kroker@hotmail.com""}",,"""name"": ""Grace Kroker"""
 2239," ""email"": ""jared.ferguson@roberts.com""}",,"""name"": ""Jared Ferguson"""
 4587," ""email"": ""virginie.mclean@yahoo.com""}",,"""name"": ""Virginie McLean"""
 4113," ""email"": ""mason.potter@gmail.com""}",,"""name"": ""Mason Potter"""
 4762," ""email"": ""aaron.anaya@hotmail.com.au""}",,"""name"": ""Aaron Anaya"""
 5242," ""email"": ""leah.ornelas@gmail.com""}",,"""name"": ""Leah Ornelas"""
 5765," ""email"": ""harald.roy@web.de""}",,"""name"": ""Harald Roy"""
 2185," ""email"": ""micaela.martel@hotmail.com""}",,"""name"": ""Micaela Martel"""
 5500," ""email"": ""vincentio.sanders@voila.fr""}",,"""name"": ""Vincentio Sanders"""
 3494," ""email"": ""bettina.norbiato@allen-lutz.org""}",,"""name"": ""Bettina Norbiato"""
 3924," ""email"": ""julio.renner@industrias.net""}",,"""name"": ""Julio Renner"""
 3521," ""email"": ""jelena.stiffel@trupp.de""}",,"""name"": ""Jelena Stiffel"""
 5262," ""email"": ""guadalupe.munoz@murray-hamilton.com.au""}",,"""name"": ""Guadalupe Munoz"""
 3684," ""email"": ""whitney.noack@laboratorios.org""}",,"""name"": ""Whitney Noack"""
 5784," ""email"": ""gelsomina.migliaccio@junk.com""}",,"""name"": ""Gelsomina Migliaccio"""
 1498," ""email"": ""evangelista.pereira@thompson-peterson.biz""}",,"""name"": ""Evangelista Pereira"""
 6073," ""email"": ""gareth.comolli@tiscali.fr""}",,"""name"": ""Gareth Comolli"""
 4939," ""email"": ""michelangelo.hess@bouygtel.fr""}",,"""name"": ""Michelangelo Hess"""
